Store_PK,Zone,StoreVolume,Deliver,Samples,Urban,AfricanAmerican,Asian,Caucasian,Hispanic,MedianAge,MedianHHSize,MedianIncome,LatStore,LonStore,Distribution_Centres_DC_FK,Zipcodes_GEOID_Store_FK
I1995,8,Med,N,N,28.89,17.24,88.25,82.88,62.20,52,4,3872,46.9554271,79.6785264,21,601
P6140,30,Med,Y,N,30.08,5.92,8.35,28.15,41.16,47,6,8512,-23.0743544,-44.9561012,18,602
I1210,50,Low,N,N,27.01,8.11,39.06,31.65,60.41,48,6,4113,22.5505556,114.4913889,36,603
L9663,6,Very High,Y,N,13.98,30.86,39.22,81.39,94.01,56,3,4040,61.8099494,30.9377106,25,606
F3998,11,Very Low,Y,Y,59.84,41.12,54.05,85.41,51.84,38,3,9643,-6.8546403,107.4293388,35,610
H2772,30,Low,N,Y,69.55,58.56,53.70,4.04,51.26,66,1,6557,14.342711,121.0656962,34,612
M3324,8,Very Low,N,N,14.10,58.32,75.79,72.75,23.46,55,1,4198,-7.4983615,108.5870607,34,616
M5152,45,High,Y,Y,7.79,1.53,57.35,82.05,83.37,32,1,9096,62.3873541,17.300175,32,617
L7488,10,Very High,Y,Y,69.36,21.99,47.68,6.68,64.33,50,4,8963,-6.7944214,110.7867474,44,622
W0482,21,High,N,N,13.31,2.49,74.83,1.25,20.65,38,4,8266,13.8151887,121.436308,32,623
A0490,17,Med,Y,Y,62.60,57.03,27.92,50.59,78.93,46,6,8945,49.0156679,33.6450451,51,624
M2375,16,High,N,N,78.64,91.68,16.91,51.91,89.20,31,5,6645,31.095979,105.094586,7,627
B4935,3,Ultra High,Y,N,41.23,47.75,20.09,62.67,35.62,58,5,9380,43.6971283,44.2085511,1,631
D4403,24,Very Low,Y,N,56.83,39.75,73.39,65.95,17.69,51,3,8312,-1.5176837,37.2634146,26,637
Q0082,6,High,N,N,68.67,13.71,56.41,67.98,57.94,54,3,7327,14.3618606,100.6685901,35,638
E5692,50,Ultra High,N,N,47.80,56.40,13.59,73.76,94.33,43,5,4401,49.835457,15.887635,15,641
I7030,21,Med,Y,N,30.27,0.45,93.06,66.46,66.39,54,6,4718,50.5089112,26.2566443,35,646
F9335,9,Ultra High,Y,Y,82.38,75.80,93.27,17.03,82.52,32,6,7205,-7.893728,110.1434668,11,647
B5249,13,Low,Y,N,21.30,13.95,68.71,36.95,69.61,55,2,8360,39.4048977,-9.135404,14,650
G3547,9,Very High,N,Y,23.25,13.42,23.11,21.37,52.09,51,1,4912,51.8796,4.5059,21,652
B2628,23,Ultra High,N,Y,51.66,7.83,87.97,49.44,70.07,56,6,5991,38.299031,-8.4830925,13,653
G5536,44,Ultra High,Y,N,27.07,10.62,88.04,85.38,74.57,62,6,8999,39.3640258,21.9214049,14,656
T6017,23,Very High,Y,N,86.12,20.41,76.37,15.17,58.43,35,6,5940,34.7294592,137.8244182,30,659
P1009,2,Very Low,N,Y,66.56,30.09,96.16,42.71,98.62,50,6,4805,26.241987,119.618419,48,660
E2094,39,Med,Y,N,96.98,51.09,59.65,96.51,6.03,41,3,3818,39.822507,109.963338,32,662
R0529,13,Med,N,N,97.07,66.62,90.81,35.77,60.74,45,3,4522,44.6500125,17.9557436,52,664
N2891,16,Very High,N,Y,3.33,99.14,12.33,62.28,98.79,44,2,5485,31.0600061,121.1161746,26,667
E6958,8,Low,Y,N,93.97,78.76,5.76,29.41,98.27,47,5,8565,41.0955895,19.6133429,15,669
B9163,38,Very High,Y,Y,45.96,86.03,53.30,86.39,70.09,55,4,6859,-6.8268504,111.8359916,32,670
A4758,12,Very Low,N,Y,52.04,79.93,40.32,30.23,24.28,52,6,6965,59.2931754,17.9862008,19,674
T3762,28,Ultra High,Y,Y,64.31,67.87,78.06,49.56,25.64,53,6,3577,56.0184306,87.8550409,24,676
X3450,19,Med,N,N,80.19,92.70,5.85,82.19,22.18,33,5,7747,37.2512312,21.6694441,43,677
P2497,46,Ultra High,N,Y,16.59,22.68,38.62,68.40,88.60,62,3,8748,-5.0776795,32.0695406,51,678
C6673,29,Ultra High,N,Y,88.01,54.81,57.57,72.21,2.71,50,2,6629,28.365818,121.061097,51,680
A8916,31,Very Low,Y,Y,14.27,81.29,35.86,16.14,45.50,46,3,9501,16.80778,48.10917,19,682
K2191,37,Low,Y,N,48.57,89.98,92.78,51.15,68.71,63,1,6977,-8.4437183,118.8305489,9,683
Q7572,15,Med,N,Y,51.67,90.91,17.68,50.65,35.21,37,2,7911,58.3493356,13.8300629,40,685
F8109,14,Med,N,Y,76.32,58.66,39.59,34.75,61.43,44,4,9182,42.88,-78.83,25,687
W1523,50,Med,N,N,54.49,43.42,76.64,70.91,17.51,40,6,4308,33.4316535,131.3529666,34,688
U7320,14,Very Low,Y,Y,38.90,19.26,90.88,59.83,32.11,37,6,6273,22.2304314,113.5411611,37,690
U0560,44,High,N,Y,87.95,24.54,65.99,23.89,20.57,39,1,8470,24.3482735,116.6988851,9,692
E8666,6,Very Low,Y,N,77.99,21.30,42.28,15.11,61.55,42,6,7493,-20.6444521,-53.5635637,22,693
I5111,49,Low,N,Y,40.98,84.81,80.32,13.96,46.80,67,2,7023,26.08603,119.3028774,6,694
V8124,32,High,Y,N,27.30,99.06,13.71,10.70,79.62,53,6,8746,7.7381338,122.8349537,44,698
X5511,46,Ultra High,N,N,62.89,47.44,49.64,0.66,42.62,56,6,6689,48.9105576,2.3645084,14,703
F3965,29,Low,Y,Y,72.21,83.71,84.92,82.91,67.67,31,2,6938,43.0709333,-89.3274391,12,704
P6369,24,Med,Y,N,53.65,85.57,83.31,88.89,48.29,61,6,5156,4.7378613,22.8165095,30,705
H8457,2,Ultra High,Y,N,76.67,71.30,3.62,18.31,35.17,58,3,9629,51.598282,-0.198414,10,707
E6353,14,High,Y,N,53.21,97.09,98.15,66.69,86.87,57,2,8651,57.121813,12.2197116,1,714
O3453,20,Very Low,Y,N,48.97,85.01,75.92,67.36,93.64,52,1,5970,8.27533,-73.868176,41,715
N1168,12,Low,N,Y,17.84,10.02,88.74,54.99,14.07,48,4,7263,53.10672,-0.687802,12,716
G0818,21,Med,N,N,91.97,96.63,99.21,45.66,87.64,61,3,3401,-16.0047799,-41.2815064,30,717
K2396,17,Ultra High,N,Y,11.79,7.78,70.77,41.71,42.57,65,6,5340,59.5785947,9.2442028,51,718
B1766,41,Low,Y,Y,33.97,48.45,5.11,50.00,55.41,49,3,5775,29.053409,117.162127,18,719
H4521,42,Ultra High,N,Y,99.71,33.63,57.50,14.38,62.58,54,5,6488,40.5323093,49.710366,45,720
Z0042,40,Very High,N,N,79.64,4.59,99.49,47.66,24.60,42,3,8396,14.5444432,-91.0891378,50,723
B3947,36,Med,N,Y,67.80,15.79,30.49,56.09,35.18,62,4,8278,31.896059,35.254768,4,725
G2482,15,Med,Y,N,13.60,58.20,27.22,90.34,48.49,56,1,5392,8.017253,-72.0616304,15,727
L5077,5,Very High,N,Y,55.59,64.36,79.09,90.73,93.14,31,2,8370,54.9086072,82.9751504,8,728
W6689,48,High,Y,Y,59.28,2.92,58.23,99.48,99.95,38,2,5186,16.2413934,-61.5340396,24,729
K6796,18,Low,N,N,59.75,3.20,20.97,59.96,79.67,66,6,7064,22.69569,112.225334,31,730
U3372,19,Very Low,Y,N,32.20,88.44,8.77,89.29,28.32,47,3,3251,32.297028,35.10999,47,731
S7029,18,Med,N,Y,76.78,24.05,85.40,73.65,67.19,35,2,4890,40.7275043,-73.9800645,49,735
O6209,26,Ultra High,Y,N,49.16,53.12,31.84,72.44,41.53,62,2,4490,31.16384,98.558093,36,736
R8480,17,Med,Y,N,87.01,40.28,38.23,85.83,3.15,35,2,9527,-26.4822209,-49.073477,49,738
X7156,31,Low,Y,N,15.19,10.32,88.25,92.34,46.13,46,2,7818,41.9121057,22.4068944,39,739
E2176,14,Ultra High,N,Y,48.78,46.27,82.12,13.56,38.03,50,2,7579,38.604702,100.825981,51,740
N2797,23,Very Low,Y,Y,0.04,16.46,9.50,96.48,30.40,63,2,3515,28.233802,103.640693,17,741
O5872,40,Ultra High,N,Y,47.92,75.56,3.48,38.56,52.04,39,1,3957,32.5124846,-116.8557985,1,745
Y7493,35,Very High,N,Y,50.69,18.00,58.57,56.34,3.19,33,6,6468,37.1017088,70.5552362,9,751
N4283,24,Very Low,Y,Y,49.84,46.21,95.83,92.13,43.76,67,2,5486,5.3599517,-4.0082563,10,754
H2703,17,Med,Y,Y,76.40,40.60,99.78,98.43,35.12,43,5,6710,-34.6234902,-58.4955016,31,757
Z2177,19,Very High,Y,Y,23.15,14.18,86.21,56.45,8.61,56,5,5820,43.7624891,27.2163113,32,765
F3896,27,Very Low,N,Y,18.83,95.93,90.37,52.41,47.25,55,1,6776,10.5388499,6.4356937,47,766
R5496,1,Ultra High,N,N,63.67,90.17,80.99,4.92,22.33,54,4,3411,14.7043324,107.6984879,4,767
L1624,31,High,Y,Y,25.73,95.81,4.27,78.90,58.42,37,2,8722,24.2629574,97.2383178,25,769
D1576,10,Low,N,N,98.31,37.37,25.61,20.74,7.40,47,2,5989,50.168307,14.4359068,40,771
J6111,19,Very Low,Y,N,75.02,81.15,10.51,46.79,77.32,43,5,8619,30.823499,104.158705,1,772
W0752,8,Low,N,N,69.08,38.36,52.64,40.50,5.78,57,6,5740,-22.0791603,-51.477858,41,773
U5454,34,High,N,N,80.56,28.84,3.77,85.94,85.95,37,5,7614,36.1113287,138.7601651,27,775
Y1658,43,High,N,Y,54.16,88.28,15.12,37.65,48.88,43,5,5086,35.897702,114.184427,7,777
B3327,32,High,Y,Y,7.44,8.60,83.24,51.48,14.26,37,1,9944,3.7733312,-76.1551866,5,778
R3490,33,Med,Y,Y,28.62,29.09,64.65,52.75,18.16,51,4,6945,7.8023204,6.733343,3,780
V7129,24,Low,Y,N,47.05,19.74,90.55,71.26,33.17,32,4,8804,16.438508,103.5060994,40,782
R9252,26,Low,N,N,41.91,11.99,58.32,78.78,75.58,44,2,6748,13.928808,121.421617,25,783
X3527,45,Med,N,N,15.08,39.96,33.23,99.97,3.92,47,4,5837,59.3781172,16.5102565,17,784
O4902,32,Ultra High,N,N,58.63,57.96,62.45,54.87,3.52,60,6,8826,39.109563,117.223371,25,786
D2906,25,Low,N,N,35.47,59.41,11.11,44.50,0.74,55,1,7370,29.5320522,35.0063209,27,791
P2075,49,Very Low,Y,N,12.88,90.08,90.59,26.40,9.98,38,2,9238,32.930738,106.908966,6,794
X0338,4,High,N,N,70.21,37.77,10.54,59.03,61.06,51,5,7829,-12.5502705,28.2409671,43,795
J0388,23,Med,N,N,13.64,35.09,73.78,18.71,90.21,37,1,7441,53.4053396,22.8055555,44,801
K3375,27,Very Low,Y,Y,31.65,38.28,65.11,95.90,63.78,60,1,6915,31.470305,34.999744,20,802
P2331,12,Ultra High,N,Y,11.77,82.31,88.52,64.02,25.74,47,2,8351,-7.6411786,112.6377432,48,820
B1025,25,High,Y,Y,26.22,78.06,91.64,91.52,96.01,48,3,7075,23.775772,98.825866,1,823
J4258,33,Med,Y,N,19.70,54.43,78.59,18.23,79.29,48,5,9290,-7.2360801,106.7175669,12,824
R6079,38,Very High,Y,N,2.09,28.78,56.56,11.19,84.90,56,5,8500,18.1752248,-77.0881034,39,830
Y5371,23,High,Y,Y,30.97,10.13,72.28,3.37,90.66,31,1,8727,44.639079,85.784329,21,831
B5253,35,Low,N,Y,23.17,97.22,89.14,33.70,58.66,32,3,3845,36.3489618,37.5347993,2,840
Q6532,45,High,N,N,46.83,55.98,75.54,62.49,74.17,30,5,5241,-6.2957395,107.8228459,18,841
E7323,33,Very High,Y,Y,91.14,79.60,30.23,2.28,0.40,49,4,5506,4.7406191,7.0848063,24,850
M1265,21,Med,N,Y,77.35,34.86,44.43,21.48,72.33,41,6,5587,-10.0396,120.754,40,851
T4253,39,Low,Y,Y,48.86,39.60,65.61,37.33,19.95,42,3,9158,-8.553113,122.0155491,44,901
U7075,50,Low,N,N,22.94,32.85,18.79,35.24,33.44,42,6,6385,66.407021,112.2977807,44,906
R5800,12,High,Y,Y,93.17,2.79,74.34,85.88,20.75,55,6,7248,23.7247599,108.8076195,42,907
O2099,34,Med,N,Y,85.39,34.79,77.13,64.79,5.79,62,6,7399,48.9000154,17.6961852,38,909
Q6387,2,High,Y,Y,26.35,75.10,14.98,32.75,15.61,37,3,9336,39.0425,127.52389,10,911
P0554,10,High,Y,Y,29.24,91.20,95.39,48.33,15.68,44,2,3426,8.5870183,39.1231459,24,912
Y7971,40,Med,N,Y,57.77,96.58,66.71,5.58,63.06,42,5,9178,40.2938995,45.1360148,22,913
N7858,11,Very Low,N,Y,0.52,19.75,6.81,65.63,65.71,64,2,5641,21.1231158,-101.6968667,50,915
Y5374,30,Low,Y,N,31.16,1.63,0.91,52.98,78.40,63,2,8936,15.1089475,104.329829,6,917
F0419,35,Very High,Y,N,46.12,33.48,76.41,67.13,23.77,65,4,3895,53.126506,92.94376,4,918
Y0726,45,Low,Y,Y,55.39,11.51,36.25,3.18,10.02,30,1,4741,44.0150814,114.9755481,1,920
I0902,30,Very High,Y,N,60.07,39.29,4.67,12.32,71.19,31,4,4062,0.2213005,99.634135,52,921
J6343,22,Low,Y,Y,17.11,42.66,97.94,84.55,37.18,46,3,5643,49.589121,6.257054,37,923
I2455,34,High,N,N,80.20,35.11,1.43,62.34,25.09,61,6,7962,-8.5979954,114.3460283,44,924
Q2904,32,Very High,Y,N,97.31,69.23,98.48,14.11,9.47,41,2,5236,49.817777,19.785536,31,925
Y6600,8,Very High,Y,N,96.19,61.87,35.15,19.22,4.67,59,6,3601,14.641214,108.0005933,6,926
P1616,22,Med,Y,Y,10.29,71.92,64.97,73.06,18.09,32,5,9999,40.8338937,22.3879813,46,927
A2275,20,Very High,N,N,52.27,23.96,17.36,13.26,74.47,45,4,7358,45.4235609,-73.9319061,45,934
L0261,26,Very Low,N,Y,48.19,84.92,75.19,45.41,90.55,62,2,4034,38.6052584,-9.1570572,44,936
X5110,1,Ultra High,N,N,71.47,19.85,78.91,69.14,32.06,46,1,9920,-28.3307679,31.4256183,7,949
K0255,45,Med,Y,N,15.81,40.17,94.72,90.71,12.80,50,2,6074,45.8524432,-73.7572393,51,950
H2364,18,Med,N,N,39.45,40.02,34.00,76.48,31.60,55,3,7949,9.0580598,13.6652162,10,951
T7019,35,Very Low,Y,N,37.36,52.33,16.62,7.13,99.13,42,3,7894,43.4426097,-80.5443489,23,952
M4305,3,Very Low,Y,Y,4.86,81.98,32.04,13.21,14.44,32,5,9800,6.9827437,-5.7405139,15,953
P1453,2,Very Low,N,Y,43.52,83.75,79.87,16.96,63.49,49,2,6195,28.391349,115.299029,45,956
Q1648,46,Med,Y,Y,6.90,4.13,25.15,21.63,79.98,49,1,4562,26.303854,107.682455,27,957
B8660,38,High,Y,Y,84.35,12.89,47.82,76.17,74.98,44,4,6825,-8.4711768,115.6153885,23,959
J7971,22,Very Low,Y,N,0.17,19.81,8.90,35.60,55.41,34,5,6584,38.371268,114.393598,20,960
X9317,41,Med,Y,N,27.63,98.14,55.40,81.35,62.32,42,6,5624,49.6400856,17.2107059,38,961
Q5621,40,Very Low,N,Y,35.51,29.75,24.30,49.56,31.45,43,6,3117,50.9621585,35.690669,9,962
S5690,20,Low,N,Y,48.14,38.41,37.40,96.05,58.28,33,3,5756,37.3326639,-121.8918364,49,965
S1904,24,Very Low,N,N,85.13,6.73,83.86,78.39,75.00,61,3,9219,-19.8852788,-43.6644238,26,966
F1924,11,Low,N,Y,77.98,40.11,6.77,62.61,8.16,65,4,5282,6.2582292,6.3066585,31,968
Y5695,12,Med,Y,Y,13.77,16.23,32.94,86.24,51.37,60,3,8120,52.643749,-0.622129,35,969
Q3849,16,Ultra High,Y,N,89.54,13.99,33.06,33.71,73.34,49,2,3512,51.3830331,20.0136604,38,971
Q6207,39,High,Y,Y,91.92,34.35,98.32,52.36,3.93,34,3,9728,-15.4979257,-67.8823146,16,976
W9397,16,Low,Y,Y,80.12,9.25,9.42,7.45,23.38,57,5,6796,44.9544161,42.0328581,43,979
Y1703,36,High,N,N,91.33,72.68,0.78,63.00,53.19,49,4,7863,47.5341107,21.6379372,1,982
Y1075,2,Very Low,N,N,51.56,24.86,11.05,80.23,83.40,32,6,7846,49.2549921,17.2899103,3,983
H7870,21,Very High,N,N,38.41,9.92,45.48,9.19,49.83,55,4,3933,1.3229337,124.8405081,35,985
W3296,25,Ultra High,Y,Y,91.74,70.50,18.49,74.83,91.94,65,2,6173,13.3678344,123.3081877,35,987
O4360,11,Ultra High,Y,Y,98.74,52.32,59.22,18.60,82.77,40,6,4212,3.1523104,101.7178316,23,1001
S6213,3,Very High,Y,Y,69.14,14.15,79.27,78.01,66.73,45,5,3034,39.5511448,-104.9505671,23,1002
O8395,15,Low,N,Y,33.58,69.65,22.43,80.83,24.99,34,1,8470,39.084828,117.185967,23,1003
A3821,50,High,Y,N,38.27,43.64,83.48,31.15,65.95,53,6,7821,26.893368,112.572018,44,1005
U7598,12,Very High,Y,Y,88.03,4.20,31.23,72.40,10.39,51,2,4282,48.529165,-2.7586364,48,1007
B3557,23,Very High,N,N,24.04,20.99,36.56,6.49,87.53,55,1,9034,49.1063903,17.164335,28,1008
G2988,8,Low,Y,Y,35.75,23.56,9.20,58.54,21.51,40,4,4886,34.7,-118.14,47,1009
C5256,20,Very Low,Y,N,37.16,26.27,44.46,31.98,83.03,35,5,8080,-35.0234334,-63.5803937,15,1010
B1135,26,Ultra High,Y,Y,34.93,55.78,20.76,75.56,17.93,54,3,7724,52.1469857,21.7379077,11,1011
S0351,40,Very High,N,Y,56.61,38.36,47.16,34.70,66.32,38,4,8438,36.0534598,69.1089444,49,1012
U6723,21,Med,N,Y,70.76,71.15,23.53,73.22,48.42,41,6,5987,-4.8696374,104.7112631,5,1013
O3351,12,High,N,N,24.22,20.94,22.25,62.06,68.75,47,4,4195,43.65289,122.243444,49,1020
Y5307,27,Low,Y,N,80.97,89.78,80.05,37.43,94.41,35,5,4540,27.27476,-80.31823,47,1022
G0910,14,Ultra High,Y,N,45.41,73.03,75.73,18.44,86.88,62,3,8608,32.7436286,74.2751428,1,1026
P4285,17,Med,N,Y,28.58,23.58,9.06,46.27,87.29,53,5,5910,9.9648655,-71.1329685,45,1027
B4769,40,Very High,Y,N,13.49,79.67,81.12,60.79,84.10,62,4,4966,37.550856,115.579308,6,1028
A8451,29,Low,N,N,25.16,36.74,33.81,1.91,78.55,44,3,6596,33.9666752,-117.6181229,4,1029
B5834,32,High,Y,Y,52.78,10.47,31.25,39.31,89.25,41,3,9654,28.4391484,-16.2845785,3,1030
H4112,34,Very High,Y,N,35.35,34.55,7.84,96.96,49.70,41,1,4492,25.905283,99.222336,6,1031
K3204,1,Med,Y,N,73.73,74.21,56.57,51.74,37.24,51,4,3274,-12.0443399,-77.0309888,43,1032
Z5834,27,Very Low,N,N,82.22,23.12,83.99,64.51,24.77,49,4,3244,53.5316199,15.8138245,33,1033
T1807,12,High,Y,Y,70.93,21.42,64.39,39.74,96.10,53,4,3195,17.8579334,-93.1548091,8,1034
Z7512,5,Ultra High,Y,Y,17.66,99.67,55.53,37.29,43.42,31,6,9142,46.4695205,94.0976021,19,1035
Y8375,12,Very Low,Y,N,43.54,41.45,60.41,95.55,2.82,59,5,9813,50.8548419,39.0632827,41,1036
J1034,36,Med,N,N,82.53,11.40,18.04,61.39,70.94,37,4,8824,6.4968574,2.6288523,7,1037
C5485,25,Med,Y,N,86.06,12.30,12.57,15.91,52.52,36,4,3953,-16.7159055,-43.8616129,19,1038
L5886,19,Low,N,N,88.02,41.30,55.38,34.63,50.00,53,4,5368,56.1114024,94.571633,16,1039
G8612,31,Low,Y,N,84.43,82.31,54.27,28.80,87.32,52,5,7539,-22.8456877,-45.2302005,33,1040
E0130,31,Very High,N,Y,27.12,47.99,43.74,13.31,40.98,39,6,3018,-23.3233727,-46.7294577,5,1050
R2923,21,Very High,Y,N,67.45,47.58,89.01,85.40,86.44,46,4,5764,-6.264999,106.8513919,7,1053
T1852,47,Med,N,Y,24.92,80.37,34.47,7.95,24.14,48,1,3946,37.6410379,-7.6589255,3,1054
P5152,18,Low,Y,Y,15.49,24.22,63.67,81.16,13.17,34,4,3802,-36.881315,174.6774579,41,1056
S9548,39,Low,Y,N,63.86,16.12,60.85,13.72,84.01,57,6,8823,-8.738072,118.1171082,13,1057
R0556,49,Ultra High,Y,N,8.43,51.71,34.82,23.83,15.06,40,3,3780,-7.0465148,108.4602464,35,1060
Z7518,7,Ultra High,Y,Y,65.80,25.98,96.79,10.22,64.87,51,2,4572,46.8260183,-2.1318548,43,1062
A8650,44,Med,Y,N,67.95,93.84,43.53,21.51,98.14,40,2,8104,13.768042,-2.072648,41,1063
O3060,47,Very High,Y,Y,3.16,56.41,56.51,14.46,24.57,67,1,4837,6.7468164,38.4139922,43,1066
T0102,4,Very Low,Y,N,74.67,64.27,76.80,52.09,29.55,52,3,7980,41.91142,112.97964,51,1068
C4213,3,Ultra High,N,N,53.98,82.62,36.24,31.75,11.44,45,6,9115,13.1317415,121.435112,41,1069
D0366,19,High,N,Y,22.94,82.65,56.14,99.33,4.02,49,5,4296,34.341574,108.93977,1,1070
H3679,17,Very Low,Y,N,37.51,35.02,92.71,89.10,77.99,64,6,7556,-29.2231867,-51.3423619,6,1071
G5458,27,Ultra High,Y,N,44.00,43.16,62.47,79.33,77.38,46,4,9260,-28.5393727,25.2126293,40,1072
L2986,10,Very Low,N,Y,42.26,28.47,14.13,94.20,68.52,35,6,9993,38.0375021,125.7079231,22,1073
P2929,12,Very High,N,Y,49.73,16.02,81.34,13.65,64.63,48,4,5496,46.2952236,30.6480855,37,1074
B4269,3,Very Low,Y,Y,71.10,68.77,98.00,76.43,16.01,63,2,9294,41.707342,-8.3509957,42,1075
R1480,48,Med,N,N,75.81,26.33,98.59,63.14,7.85,46,6,6884,53.543617,49.2636336,25,1077
L9474,42,High,Y,Y,28.07,30.91,71.64,20.36,52.38,39,5,7647,-14.4296108,-67.5350917,36,1079
Q3842,40,High,N,N,69.19,20.02,22.61,52.81,29.22,56,4,6475,-14.1187849,-72.2475967,33,1080
T8361,48,High,Y,N,12.89,82.50,92.01,94.76,68.32,54,3,7800,33.400684,104.921841,48,1081
S1241,5,Med,N,Y,45.90,86.82,47.92,10.60,71.59,49,1,8186,56.1597869,37.9891132,16,1082
T0674,32,Very High,N,N,69.44,65.38,29.05,37.29,28.58,46,2,3499,23.07555,112.007814,44,1083
E0421,48,Low,N,Y,89.77,13.43,67.96,1.28,31.72,65,3,9232,55.3605576,52.0111855,34,1084
R0435,19,Ultra High,Y,Y,22.78,20.55,51.49,81.60,10.47,34,4,8183,50.6471859,14.2963455,15,1085
F0510,19,Very Low,Y,N,91.20,86.29,75.88,74.27,42.19,53,3,8505,49.0026196,132.4671327,12,1086
T6572,2,Very Low,Y,Y,49.00,75.25,50.67,32.97,6.91,53,4,4064,35.30385,113.875245,16,1088
S1179,27,Very High,N,N,82.39,87.17,24.41,70.84,37.65,59,2,6946,-13.6332,-72.232262,23,1089
Y2206,39,High,Y,Y,95.53,19.78,97.35,25.21,62.56,30,3,6148,46.0382687,18.2440979,37,1092
Q6959,14,Med,Y,Y,94.96,89.66,99.61,12.31,6.77,38,4,7996,43.5111646,16.5201503,1,1093
M1840,39,High,N,Y,28.56,37.33,3.70,3.06,68.92,58,5,9144,33.8779889,132.2526506,11,1094
T9398,42,High,N,Y,99.50,38.53,3.06,27.32,13.15,36,3,9762,28.9141178,120.0531443,32,1095
W0774,13,Very Low,N,N,15.42,64.92,87.33,7.56,28.42,37,1,9468,38.2305534,15.5532993,51,1096
R0648,15,Ultra High,N,N,77.75,47.52,44.70,94.66,53.07,64,2,5474,-12.8446575,45.1073445,5,1097
K8025,19,Ultra High,N,Y,86.67,86.05,78.54,64.40,68.52,56,5,3889,41.403128,119.64328,3,1098
N7319,36,Very High,Y,N,23.98,33.69,33.99,77.97,19.97,39,1,3239,15.2931866,-90.1147496,43,1103
O2095,23,High,Y,Y,49.36,90.42,24.45,22.84,0.09,32,5,3525,12.3576715,29.2378899,15,1104
U9964,44,Low,Y,Y,79.92,96.67,79.21,40.16,23.21,59,3,7379,57.4167684,41.3421757,14,1105
J5846,24,High,N,N,4.08,19.58,73.82,93.75,63.84,44,6,5409,31.9649107,-6.5730004,26,1106
X0740,47,Med,Y,Y,91.93,18.37,73.12,22.00,23.58,59,4,4412,10.8239425,122.505277,51,1107
Z0820,13,Very Low,N,N,26.13,6.18,38.20,61.34,33.39,52,3,8232,37.6753305,21.5926702,9,1108
E6485,5,Ultra High,Y,Y,75.61,6.23,89.10,7.96,44.76,59,3,5946,40.570338,116.554665,36,1109
Q2924,24,Med,Y,N,63.28,3.17,73.49,64.24,81.22,53,4,3018,28.880153,120.415017,38,1118
H6427,46,Very Low,N,Y,65.81,99.01,92.96,59.44,93.84,35,6,4992,25.6775595,-100.2596935,48,1119
V4776,47,Ultra High,N,Y,28.72,40.25,64.85,81.54,52.20,43,3,6414,27.388611,-110.1216666,38,1128
K8142,42,Med,N,Y,43.77,59.45,92.53,26.19,61.43,40,5,6006,11.2367,123.2062,23,1129
C0664,38,Med,Y,N,47.38,26.19,8.04,38.92,4.52,64,6,9190,31.871173,121.181615,15,1151
K0782,15,High,Y,Y,24.36,60.27,20.22,90.49,81.58,57,6,8687,9.2228301,3.2005641,11,1199
I3588,20,Very High,N,N,3.63,56.53,57.15,18.10,15.20,63,3,3377,32.203072,114.513012,7,1201
Z1216,49,Very High,Y,Y,25.86,6.07,17.61,93.73,43.44,62,5,6504,25.627549,115.717179,4,1220
Y3360,23,Ultra High,Y,N,72.38,45.02,9.42,35.95,63.65,54,4,9397,19.4468231,-99.1303962,38,1222
B8390,27,High,N,N,5.80,91.29,94.63,47.04,78.21,63,6,9790,35.5588061,138.0410863,11,1223
E5708,18,Very High,N,Y,29.80,73.72,18.84,17.68,69.21,59,3,8299,31.2303904,121.4737021,49,1224
J9756,5,Low,Y,N,0.30,5.38,30.13,29.84,44.61,35,6,3082,49.6705225,13.3996389,1,1225
I5253,47,High,Y,Y,82.84,46.89,29.66,78.15,36.45,64,2,4308,24.674624,102.904318,23,1226
A0100,31,Very High,N,N,84.62,37.14,23.10,91.79,79.00,44,5,8991,31.918232,119.976948,21,1229
V9173,16,Med,Y,Y,59.74,85.81,52.11,95.16,70.08,35,6,6674,39.138304,117.100087,24,1230
Y2568,11,Very Low,Y,Y,63.21,68.90,20.60,86.12,99.27,31,6,8239,-20.5897439,-49.318099,26,1235
S9639,40,Ultra High,N,Y,82.66,50.14,24.39,21.27,39.84,60,5,5938,-7.25717,112.67026,8,1236
U1469,23,Ultra High,N,Y,86.94,12.33,12.23,26.71,8.19,37,5,6442,39.975999,116.317558,35,1237
F1001,47,High,Y,Y,25.06,64.89,92.68,11.70,3.31,45,1,8513,-7.7798092,110.3562018,38,1238
L8462,31,Ultra High,Y,Y,12.56,9.09,90.04,94.40,52.13,36,3,8180,62.679165,131.152863,49,1240
Q0247,33,High,N,Y,86.55,75.92,57.83,96.53,42.10,50,4,4185,-7.2760371,107.6925674,46,1242
Y2905,36,Very High,Y,Y,91.63,76.10,93.92,14.89,96.97,52,1,4211,-6.9528113,111.9880199,14,1243
T2791,5,Very Low,N,Y,1.29,2.64,85.28,63.95,58.34,61,4,4463,8.959667,-73.626268,45,1244
N6900,25,Low,Y,N,4.55,34.94,74.34,35.64,23.33,55,5,6023,22.826877,107.840624,8,1245
Q0491,13,Ultra High,Y,Y,53.69,87.46,39.37,97.59,10.16,62,1,3263,43.09476,45.35898,42,1247
L6329,43,Med,N,N,60.66,79.48,68.64,64.54,38.33,45,6,3091,29.7755232,-9.1663731,31,1253
M3167,3,Ultra High,N,N,53.12,22.23,62.93,43.76,20.76,31,5,5465,41.3869496,-8.0022034,22,1254
O6575,31,Low,Y,N,62.00,24.94,19.74,23.72,85.84,47,2,7539,34.0375944,48.4631098,27,1255
W2772,18,Med,N,Y,80.63,78.86,96.01,62.87,29.85,62,3,9162,16.5065381,105.5943388,28,1256
S9332,17,Low,N,Y,56.60,36.96,70.07,47.46,29.46,53,6,5462,19.8838774,110.4153075,39,1257
W3888,28,Very High,Y,Y,29.51,93.05,29.96,46.43,20.69,57,2,9873,47.273289,-2.204647,51,1258
O7920,28,Ultra High,Y,N,82.00,14.12,82.11,38.90,32.54,54,5,3193,42.891255,129.508945,3,1259
A7120,46,Very High,N,N,15.82,11.33,54.19,70.08,31.09,34,2,9767,36.0932201,139.4440586,50,1260
T5335,41,Very Low,N,N,80.35,43.69,83.66,85.76,95.88,61,2,5353,0.8927499,33.5028005,13,1262
B2456,7,Low,Y,N,18.04,34.34,38.87,1.98,82.88,30,5,6858,31.238854,121.331694,8,1264
S4424,37,Ultra High,Y,Y,30.83,56.49,66.97,30.72,83.61,31,1,6893,-8.44983,124.05402,22,1266
H8410,32,Low,N,Y,19.55,19.96,34.35,87.39,78.34,59,6,3917,35.508343,102.011264,15,1267
T3508,17,Very Low,Y,N,49.72,90.99,56.90,85.77,76.20,60,4,3183,-8.2791,112.9733,51,1270
F1762,43,Ultra High,N,Y,6.89,15.35,66.19,62.51,91.62,32,1,7950,-34.5458354,-58.562848,24,1301
A2642,20,Ultra High,N,Y,31.10,26.37,72.64,57.99,78.87,60,5,6501,35.580662,104.626282,46,1330
Z5906,12,High,N,N,70.19,55.28,59.88,77.24,27.34,38,5,4445,39.876135,-8.9189073,3,1331
P3260,25,Very High,Y,Y,32.25,35.72,58.22,21.46,94.75,35,4,5893,45.788378,3.1331436,18,1337
E2738,23,Med,Y,N,81.26,97.36,26.14,6.21,33.32,55,6,9477,49.0371335,3.979371,21,1338
O7252,27,High,Y,Y,50.58,6.80,97.31,71.79,18.65,43,2,6066,49.6610036,16.3060863,9,1339
C3205,16,Ultra High,Y,Y,53.67,74.56,56.68,33.43,89.66,37,2,5552,11.996688,125.4500814,44,1340
C8993,41,Low,Y,Y,59.26,44.94,11.13,32.87,21.95,43,3,6380,50.2440056,20.7239305,39,1341
G8561,32,Very High,N,N,31.33,75.61,95.47,87.27,21.36,49,5,4183,64.9099021,25.5080144,40,1342
D7325,26,Ultra High,N,N,80.83,16.88,41.94,39.34,51.16,37,5,3766,51.3988867,34.8922317,10,1343
S3028,26,Med,N,N,95.72,58.95,77.58,59.38,34.54,46,6,3299,44.1675867,2.0308233,50,1344
V6957,16,Low,N,Y,44.45,86.57,96.48,90.44,34.87,47,5,4932,29.9905062,120.594551,31,1346
N2425,40,High,Y,N,56.71,22.77,25.00,82.38,17.84,40,5,5804,-11.3442564,-75.5655147,18,1347
N7394,47,Ultra High,Y,Y,10.59,12.40,15.22,31.13,42.04,63,2,3775,-34.3306245,-58.7896017,6,1349
Y0538,3,Very Low,Y,Y,22.16,96.50,0.10,73.17,18.97,49,5,4293,10.9961711,-74.8331674,49,1350
M6492,44,Very High,N,Y,90.97,68.37,9.62,92.16,48.22,31,2,6439,36.179383,112.804103,15,1351
K6725,19,Low,N,Y,75.44,25.93,41.04,9.12,42.44,42,4,6948,38.5597722,68.7870384,36,1354
N8894,32,Very High,Y,Y,63.94,81.83,63.68,67.61,24.43,34,1,6705,24.4192041,89.5515678,17,1355
D6552,11,Very High,N,N,39.28,61.26,92.36,42.00,29.61,59,1,9861,39.9317949,116.4559849,8,1360
S7584,30,Very High,Y,Y,91.23,57.44,29.76,57.21,0.87,51,3,7138,43.8558336,18.4098275,11,1364
N5299,13,High,N,Y,29.45,93.25,87.22,90.24,26.77,54,4,9129,28.504386,117.57372,18,1366
A4617,38,Very High,N,Y,22.69,92.73,80.19,63.95,49.24,32,4,6696,6.724917,-75.282299,51,1367
Q5101,30,Med,Y,N,73.75,36.81,12.29,21.35,50.56,50,3,8242,35.2613505,25.7234164,26,1368
K2616,44,Very Low,N,Y,49.36,8.55,88.02,9.55,61.97,56,1,6553,40.378739,-3.7358924,25,1370
Q3418,35,High,Y,Y,41.04,94.62,92.18,98.22,88.50,63,5,8158,50.61404,22.97512,9,1373
O7272,22,Very High,N,N,84.35,40.98,4.60,87.78,61.64,54,2,9661,21.752396,111.617849,11,1375
V5672,7,Ultra High,Y,N,98.43,5.27,78.40,89.82,66.91,35,5,5246,40.6207889,-7.5388857,38,1376
L5365,27,Very Low,Y,Y,30.29,25.66,49.12,89.77,23.47,33,3,3577,57.3709349,25.032427,39,1378
E9761,21,Very Low,N,Y,44.39,19.62,24.27,11.62,9.17,49,1,8643,15.4129378,102.3234816,51,1379
X0938,6,High,N,N,61.73,2.77,9.43,46.25,71.83,43,1,4828,16.0072833,-61.7159101,31,1420
Z2552,17,Ultra High,N,N,37.71,54.98,88.19,3.21,95.25,36,3,7266,39.871981,116.686439,22,1430
S4947,40,High,Y,Y,73.65,4.80,88.58,42.62,26.34,55,3,6467,43.5251666,-5.6379087,4,1431
P0181,47,Med,Y,Y,41.12,11.70,83.04,36.05,81.12,42,6,4288,14.7247931,121.0315758,27,1432
U3289,39,Very High,N,N,42.65,0.48,66.64,70.18,73.00,65,3,5648,23.1833095,113.358579,42,1434
Y3264,26,Ultra High,N,Y,62.38,23.54,44.08,24.70,63.20,31,6,6961,25.867277,118.963532,10,1436
K1220,46,Ultra High,Y,N,36.51,48.13,46.84,45.97,43.96,67,3,5968,44.1884454,19.3776743,50,1438
P1681,44,High,N,Y,62.79,57.34,39.52,99.73,1.85,56,2,8820,35.9673629,139.6162456,43,1440
Y3515,23,Very Low,Y,Y,91.39,83.67,66.03,81.17,84.36,40,6,6509,-7.1911536,107.6156133,28,1450
U5818,14,Low,N,N,24.38,3.33,80.02,84.98,79.31,55,1,8277,-29.5904737,-51.3738524,16,1451
O9057,25,High,Y,Y,98.66,77.65,79.65,53.91,4.83,52,4,9209,1.672033,125.055298,2,1452
Z7734,13,Very Low,Y,N,48.41,94.64,90.58,72.81,15.52,42,6,3180,-15.4979257,-67.8823146,21,1453
G3679,17,Ultra High,Y,Y,27.59,90.93,13.52,92.75,85.81,33,4,9654,-23.6228759,-46.7816647,1,1460
G9419,45,Ultra High,Y,N,63.96,73.53,22.40,7.64,0.67,67,3,4786,22.0462137,111.012675,33,1462
R0176,41,Ultra High,N,Y,74.77,20.39,51.62,75.42,69.89,42,4,6392,43.336168,45.168817,19,1463
D4551,23,Very Low,Y,Y,54.44,70.04,29.06,52.60,31.44,66,2,7245,44.3669363,20.1616645,23,1464
X1000,49,Low,Y,Y,67.19,8.44,59.67,20.25,9.07,49,2,4551,-5.6371803,-78.5339632,4,1467
S6345,27,Ultra High,N,N,9.97,69.23,80.59,11.10,48.72,64,4,8427,14.5699334,121.0204582,44,1468
I9029,48,Med,Y,N,91.23,75.37,83.64,13.92,29.53,63,5,6951,47.6252225,0.277316,31,1469
O1673,30,Med,N,N,92.01,72.63,27.08,51.04,11.82,52,2,9848,39.859131,-8.8426989,14,1473
S3323,37,Ultra High,Y,Y,61.24,15.17,41.90,38.02,56.56,57,2,8068,8.0030266,124.3465661,35,1474
Q7023,6,Med,N,Y,87.01,45.72,69.87,27.99,43.60,53,2,4565,35.476788,110.442846,50,1475
T9092,47,Very High,Y,N,63.32,25.23,71.46,69.70,17.79,48,2,3872,18.8826771,-96.935003,41,1501
K4294,23,Very Low,Y,N,74.17,12.33,6.93,88.71,90.84,40,4,8688,49.4648434,105.9745919,29,1503
A2827,12,Ultra High,Y,N,14.20,19.57,75.28,92.00,77.99,67,5,3975,30.063748,113.562835,7,1504
W1515,32,Ultra High,Y,N,2.58,37.83,60.39,45.18,68.35,38,5,5629,29.451926,60.8841983,46,1505
Q5247,46,Low,Y,Y,84.90,95.74,15.50,66.20,80.31,64,5,9535,48.1734633,23.2972476,5,1506
L7860,29,Low,Y,Y,1.28,30.51,44.21,0.04,8.70,53,2,7791,15.787156,104.1478667,13,1507
Z0124,37,High,N,Y,80.21,29.91,13.91,73.32,45.81,49,2,4220,57.4395298,12.0487391,28,1510
J6063,49,Low,Y,Y,15.75,51.45,74.22,6.13,27.12,55,6,4844,55.40776,38.66261,41,1515
W3134,40,High,N,Y,32.45,14.56,46.09,27.38,55.57,51,2,4127,53.800245,-1.48003,16,1516
F8096,38,Very Low,N,N,38.05,27.45,41.57,43.74,72.60,52,3,5221,-23.4697466,-57.2635114,41,1518
J0862,33,Ultra High,N,Y,72.96,56.76,0.41,88.64,10.08,56,5,9192,35.5383773,129.3113596,38,1519
P6790,33,High,N,N,35.62,85.47,6.35,81.66,2.33,40,4,6252,59.3433282,18.0638221,28,1520
U7544,1,Very Low,N,N,81.34,9.78,52.81,62.21,53.16,33,2,8221,14.6733187,121.0601862,1,1521
T6078,34,Low,Y,N,74.98,73.83,84.04,24.72,75.18,56,2,6275,30.862289,103.915953,18,1522
Z2997,9,Ultra High,N,Y,47.91,18.86,95.50,70.90,61.96,45,6,7332,-34.5872079,-58.494505,51,1523
B7885,14,Very High,N,Y,18.82,17.58,62.30,40.88,57.32,65,4,3533,53.800245,-1.48003,51,1524
L8618,9,Ultra High,N,N,73.13,3.18,7.31,76.32,37.42,66,1,9791,-11.2049412,-39.4035876,14,1525
J1549,8,Very High,N,N,4.52,31.31,84.29,75.69,95.40,42,2,6725,59.1894804,17.7558589,40,1527
L4953,40,High,N,Y,31.09,92.52,20.61,74.95,29.33,44,6,8483,22.3577742,103.2493721,35,1529
A5936,21,Very High,N,Y,68.21,40.11,84.89,94.65,9.29,58,4,9183,-18.4902959,-64.1123359,22,1531
D1408,25,Very High,N,N,71.12,10.63,25.78,74.13,12.52,67,3,9278,39.772554,98.289419,44,1532
M8517,5,Low,Y,N,96.53,37.45,20.21,11.73,55.50,51,1,5566,58.4005878,13.7982616,37,1534
F8450,2,Low,N,N,38.74,11.36,98.18,94.62,69.91,67,6,8197,-19.2236514,-45.0056921,32,1535
A6243,15,Very High,Y,N,48.42,76.70,86.08,1.33,65.62,49,4,3858,40.7,-89.52,33,1536
I6440,39,Low,Y,N,23.81,97.93,40.82,12.23,54.85,40,1,6102,28.133945,111.656407,15,1537
T1095,41,Low,N,Y,78.13,35.85,46.89,33.50,8.42,32,2,7330,-31.3350093,-64.2951643,4,1540
Q1016,47,Med,N,Y,70.73,82.98,69.32,6.55,97.17,49,1,9793,19.955811,56.268059,35,1541
B9591,48,Very High,Y,Y,40.95,4.98,6.45,30.22,33.14,45,3,3752,-7.5009787,108.7987084,27,1542
F1108,50,Very Low,Y,Y,53.52,76.87,79.09,91.64,64.99,38,2,5813,48.4339701,0.098598,4,1543
P4070,16,High,Y,N,68.07,17.05,67.82,45.58,48.89,34,1,5570,12.805294,120.8385372,38,1545
Y5476,26,Very High,N,Y,6.96,29.69,94.36,5.89,17.28,60,5,7724,14.6408102,-87.921223,34,1550
P5353,33,Ultra High,N,N,90.09,75.90,51.21,40.03,16.93,30,3,4049,47.9956173,0.1924459,36,1560
Q6123,8,High,N,N,18.41,96.32,55.04,47.74,84.80,44,2,5799,38.8478071,-9.3384289,12,1561
N0334,31,Ultra High,Y,Y,28.92,78.22,90.49,39.75,98.71,45,5,4506,31.878735,117.26467,9,1562
H9011,1,Med,Y,Y,79.44,43.47,77.00,4.62,32.66,63,3,3613,15.7832452,121.0086436,52,1564
K5336,8,Low,Y,N,23.94,35.26,63.10,68.17,81.16,41,5,3991,22.517585,113.39277,11,1566
L1620,10,Very High,N,N,39.30,46.47,55.52,13.68,96.40,50,6,3964,49.6745448,22.0537208,29,1568
U6834,34,Ultra High,N,N,23.32,62.52,57.46,63.46,3.36,57,2,7819,0.3407154,127.8300034,12,1569
N9268,31,Med,N,N,20.13,81.72,69.53,13.15,1.00,42,4,8959,-1.4923925,-78.0024134,19,1570
H8668,45,High,N,Y,38.49,26.01,13.69,83.06,47.75,65,6,5246,40.13652,124.395757,15,1571
Z4390,37,Ultra High,Y,N,95.03,98.91,78.93,66.93,32.95,37,3,5853,30.453667,114.872199,30,1581
U1017,41,Ultra High,Y,N,61.35,84.50,79.45,45.85,99.30,34,4,9431,60.994897,71.8982957,23,1583
K7277,50,High,Y,N,19.42,81.11,68.41,83.11,89.34,58,5,8778,-8.5066242,122.9719348,2,1585
D8236,41,Ultra High,N,N,10.93,33.02,25.24,85.04,84.25,60,3,4316,31.8299494,64.5681086,43,1588
T5307,1,Low,Y,N,5.30,26.50,34.50,78.96,1.73,38,6,4145,55.3377048,59.6818456,15,1590
C4021,32,Low,N,N,85.83,90.28,14.20,60.13,11.34,57,1,5004,30.845968,104.408801,24,1602
P6241,11,High,N,Y,77.39,86.38,19.99,70.26,77.28,54,6,8868,35.237207,102.827734,1,1603
Z8037,32,Very Low,Y,N,65.34,87.88,64.95,27.65,25.49,55,5,7444,-8.605402,115.106609,4,1604
T5696,33,Med,N,N,3.58,15.44,53.81,24.88,92.05,66,3,6210,31.074834,109.879153,1,1605
G7090,33,Very Low,Y,Y,96.86,24.52,40.34,76.10,97.04,50,6,3904,37.4713134,-7.4720384,18,1606
G5485,13,High,Y,Y,38.30,6.99,20.65,99.89,67.17,52,3,7859,34.151624,109.323479,41,1607
Y9870,28,Very Low,N,Y,76.14,69.63,72.94,3.57,58.08,38,2,5871,46.1650664,-62.6480207,20,1608
X3348,44,Very High,N,N,39.77,44.60,97.46,37.96,78.70,49,2,9897,-12.1450486,96.8217017,37,1609
Q9827,39,Med,N,N,92.01,64.67,29.80,58.81,26.90,50,4,7851,24.663055,118.41315,18,1610
K2080,1,Very High,Y,Y,29.04,97.04,41.07,34.07,1.87,44,2,3161,42.669195,23.2885096,22,1611
H1031,14,Ultra High,N,Y,66.49,75.16,47.60,58.07,42.80,32,3,6754,30.383617,109.702514,5,1612
E2144,46,High,Y,Y,46.64,57.29,34.92,50.82,33.89,47,4,4140,57.104403,39.175735,46,1701
Z3761,20,Very High,Y,N,84.22,94.05,27.69,55.14,23.76,60,1,4895,26.0977366,119.3081149,26,1702
O5060,6,Ultra High,Y,N,74.79,96.07,52.63,12.91,10.46,34,2,6189,-7.3356583,109.0798332,3,1718
U2296,20,Med,Y,N,94.06,88.34,35.84,87.73,30.71,42,3,7097,-9.0972502,-35.5876697,23,1719
A6508,11,High,Y,N,57.97,85.28,46.82,47.63,73.80,60,4,3408,32.687733,112.087455,35,1720
D7053,49,Very High,Y,N,75.39,64.65,26.67,72.77,4.35,66,1,3707,-39.7466346,174.5134204,23,1721
H7503,17,Very Low,N,Y,93.12,8.14,35.84,13.86,23.55,32,6,8633,16.1169002,102.7020218,1,1730
J3697,47,Very High,N,N,29.81,89.14,49.80,68.28,92.61,61,4,8602,-23.4554707,-52.0423373,2,1731
U3647,17,Low,Y,Y,29.10,41.06,90.72,22.36,10.26,50,4,5059,-8.4358333,119.9916667,42,1740
W7045,44,Very Low,N,Y,5.00,69.67,35.08,42.88,48.58,47,5,3452,-8.5997534,120.3867834,51,1741
G0964,7,Med,Y,N,33.25,82.71,89.73,91.29,12.24,34,4,7024,14.5458392,121.0044883,18,1742
K3812,7,Ultra High,Y,Y,63.17,50.68,21.78,94.15,1.36,59,1,7463,36.363178,25.7693535,12,1745
N7895,22,Very Low,N,N,41.95,53.02,23.37,8.94,93.10,40,6,4339,-8.113,113.8437,18,1746
Z5478,4,High,N,N,87.57,77.82,53.25,50.92,72.30,54,3,9645,26.695419,101.841707,26,1747
X0045,19,Med,N,Y,75.15,90.12,80.10,0.05,42.25,63,3,8493,3.1638781,99.5339744,49,1748
Q3021,7,Very High,N,N,55.01,51.15,2.63,63.16,55.99,66,1,6057,-6.7387737,106.8768415,10,1749
A6331,45,Med,N,Y,19.35,86.42,65.68,24.03,38.67,47,1,4163,49.395599,2.789137,2,1752
Z5450,45,Med,N,Y,44.89,56.82,34.74,19.48,21.75,51,6,7202,-14.2697392,-170.6618234,49,1754
A8886,20,Low,N,N,92.47,29.61,98.32,7.34,79.53,47,5,3500,13.0730815,123.5982956,23,1756
A7005,50,High,Y,N,83.41,44.78,29.98,35.44,13.32,35,5,5987,53.2954476,18.6875465,4,1757
B8150,2,High,N,Y,80.99,9.25,18.17,86.93,41.32,65,5,9420,-21.4261129,-45.9481612,29,1760
T7604,38,High,N,N,72.95,26.00,77.49,65.92,27.48,41,4,5898,24.489685,105.093908,9,1770
V0625,10,Low,N,N,16.27,20.92,30.71,74.18,17.30,38,4,6775,45.4235609,-73.9319061,25,1772
P9608,48,High,N,Y,47.84,64.39,39.55,92.23,41.29,42,2,8915,-15.6418418,-71.7674379,7,1773
Q1008,49,Ultra High,Y,N,22.30,43.99,61.32,68.75,50.85,65,3,8016,32.341673,36.2020028,42,1775
Q5684,47,Very Low,Y,Y,10.90,96.26,28.80,74.09,20.41,54,6,5700,52.959496,21.0954627,10,1776
B3701,1,Very High,Y,N,84.13,55.48,3.59,8.56,59.11,58,5,9586,2.6707039,72.8914233,2,1778
K8302,47,Ultra High,Y,Y,73.97,73.29,59.91,95.46,91.72,66,3,4578,7.5273576,125.6239227,48,1801
F4054,19,Very Low,Y,N,63.04,94.72,56.92,51.22,1.66,42,1,4704,-8.3052,123.237,30,1803
T3633,7,Ultra High,N,Y,2.72,0.30,36.50,97.82,86.93,46,4,9340,-12.94844,-72.667999,31,1810
X3686,14,Very Low,N,Y,89.30,88.67,53.13,1.70,3.22,64,1,4826,45.4592577,75.2050312,51,1821
M8326,46,Very Low,N,Y,41.46,45.95,25.96,92.10,54.71,36,4,5406,38.259679,113.993296,19,1824
J5745,20,High,Y,N,44.92,4.54,25.08,32.64,74.09,35,2,6882,45.8940717,-74.157934,17,1826
T0157,35,Med,N,N,74.60,69.28,22.14,94.03,47.06,58,3,4424,-25.8664184,28.1678543,49,1827
U5805,24,Med,Y,Y,59.54,60.29,64.95,41.72,6.70,52,3,7663,-7.5450262,111.6556388,45,1830
I4975,18,Med,N,N,82.90,18.59,9.12,55.62,1.27,52,3,4773,8.544642,124.961672,44,1832
G5257,7,Ultra High,N,Y,50.77,16.25,8.16,81.54,10.93,44,5,4428,34.000317,115.319842,43,1833
Q5736,8,Ultra High,Y,N,51.70,75.76,11.37,24.52,42.04,30,3,4916,38.984289,118.498758,38,1834
P8098,4,Very High,N,Y,95.50,88.86,13.44,6.08,65.59,40,5,5591,-6.8626591,111.2308467,24,1835
W4577,35,Very High,Y,N,38.37,43.30,44.99,9.99,14.92,55,6,8525,-28.183771,23.5609459,31,1840
U6181,17,Ultra High,Y,N,94.38,17.97,89.64,83.74,59.07,58,5,6384,44.0519136,42.8429639,16,1841
R6262,2,Low,Y,N,19.71,64.65,16.22,29.45,41.97,50,4,3387,52.4368772,16.826031,34,1843
U5596,13,Low,N,N,70.06,90.18,10.72,78.36,26.19,46,3,7444,30.108216,104.677091,12,1844
P9131,28,Ultra High,N,N,16.89,47.47,60.77,2.95,96.83,35,2,5386,29.060527,87.762163,35,1845
N5923,18,Very High,Y,N,40.65,3.78,3.09,39.27,78.31,49,4,6760,3.102823,101.6781755,25,1850
W3643,38,Very Low,Y,N,79.09,22.12,26.92,92.38,69.87,56,2,6533,27.0568,27.96979,12,1851
V5848,40,Very Low,N,N,6.76,45.04,78.58,48.05,37.60,37,2,8190,59.940313,31.0466749,3,1852
J9942,1,Very High,Y,Y,64.97,41.07,24.51,93.94,47.95,34,3,4658,40.3073139,-7.9200214,15,1854
U4064,16,Med,N,Y,60.98,55.79,85.13,99.79,97.84,34,3,7865,-8.4880061,117.4703209,37,1860
C2499,14,Med,Y,N,99.45,48.58,18.88,68.30,6.19,57,6,6684,14.434698,120.878011,12,1862
R7027,40,Very Low,N,N,52.51,49.51,85.45,42.26,64.13,45,6,7101,51.9034509,16.955476,34,1863
C6027,7,Very Low,N,Y,73.70,75.49,34.63,86.01,45.15,61,3,6855,25.6538807,-100.1522213,15,1864
C0867,42,Ultra High,N,Y,37.84,85.32,61.47,74.76,13.86,67,1,3636,42.7376689,-84.5169757,7,1867
M5347,13,Ultra High,Y,N,0.26,71.60,17.92,36.58,89.08,59,5,3762,50.83312,-118.98565,22,1876
C1032,46,Very High,N,N,74.11,24.29,82.02,28.41,39.34,46,6,9389,9.338241,-66.2575425,38,1879
R9915,13,Low,Y,N,56.91,93.85,14.74,91.89,55.31,66,4,8344,6.8217061,79.9984162,36,1880
T1995,50,Very High,Y,N,11.16,2.08,80.54,69.76,9.80,33,3,7183,51.4700683,16.6142027,20,1886
K0501,15,Very Low,N,Y,88.68,64.19,53.11,28.01,49.15,35,2,5625,32.421701,35.386433,4,1887
L1678,27,Very Low,Y,N,53.58,35.82,47.96,53.63,3.85,50,3,4190,62.2500936,25.18352,21,1890
X4376,29,Ultra High,N,N,80.67,62.53,71.65,7.32,89.32,39,6,4064,29.42,-98.49,1,1901
D5317,32,Low,N,Y,94.01,28.78,11.81,46.87,78.55,38,5,5110,46.3743832,17.7845904,31,1902
S8017,28,Low,N,N,85.12,82.96,84.34,18.12,35.44,64,5,9745,-7.6275173,108.8016788,35,1904
L9176,20,Ultra High,Y,N,87.16,91.60,48.83,6.12,6.38,36,1,4443,4.9946855,19.982437,39,1905
L0812,20,Med,Y,N,18.40,22.42,66.26,66.60,34.02,43,6,6676,8.6144269,-71.6554692,44,1906
C2146,4,Very High,Y,Y,1.58,93.18,75.15,87.56,48.07,37,4,5176,60.552049,5.3129931,27,1907
G8665,9,Very High,N,N,29.51,20.91,58.62,30.26,68.72,46,2,4795,53.3347847,78.3407084,24,1908
H0623,31,Very Low,Y,N,3.09,77.84,41.05,51.38,11.42,38,6,8631,37.5267674,15.0586639,9,1913
B6510,24,High,Y,N,67.82,85.00,38.87,86.85,30.71,33,2,9335,59.3370396,17.9575718,17,1915
L5514,9,Very High,N,Y,99.09,0.78,86.28,12.52,22.01,65,5,3024,32.9454027,-117.2399868,33,1921
J8769,2,High,N,Y,15.14,67.08,8.23,64.05,22.61,59,1,8862,-29.6216078,-50.534262,29,1922
H7355,3,Low,N,N,91.21,34.66,78.22,38.87,63.73,53,4,7029,12.0111402,-83.7703693,42,1923
V3264,23,Low,Y,N,13.21,20.18,61.95,96.65,64.05,64,2,4697,45.86678,-74.08251,27,1929
F8668,39,Very High,N,Y,70.80,99.63,66.21,85.70,70.68,32,4,4499,-14.3322488,-56.6513853,50,1930
H8022,45,Low,Y,N,10.97,67.85,71.49,81.45,79.77,51,6,4169,41.81758,22.23529,44,1937
K1221,37,High,N,N,54.52,60.88,95.74,96.19,13.72,47,4,7850,-7.5718057,110.8381555,6,1938
H5862,31,Low,Y,Y,7.72,5.34,9.62,89.90,12.04,44,2,9452,-3.5670807,-41.0919197,25,1940
Z8284,38,Very High,Y,N,68.27,5.40,76.06,3.56,41.14,52,5,5688,-6.3503773,106.8974964,30,1944
W8499,42,Ultra High,Y,Y,71.27,94.72,3.95,41.58,52.29,63,4,5000,55.0868852,82.6436105,49,1945
D7686,34,Very Low,Y,N,34.68,0.48,53.33,54.22,74.85,39,3,4042,-17.8519791,25.8285153,31,1949
W2627,25,Low,N,N,43.20,17.78,45.94,63.34,15.40,45,2,5441,37.186035,120.701061,24,1950
H9848,46,High,Y,Y,52.62,8.16,51.17,56.63,71.35,40,2,3545,25.061321,114.316155,46,1951
Z3958,50,Very High,Y,N,71.53,44.87,83.26,88.22,12.72,65,3,8450,55.6024656,31.1754015,49,1952
Y2332,13,Very Low,N,Y,74.40,53.08,9.23,41.47,44.26,31,1,6282,38.748203,114.982972,41,1960
K5811,16,Very Low,N,Y,86.74,92.58,69.66,3.70,42.74,52,6,3806,41.516494,127.464602,14,1966
Z4330,38,Ultra High,Y,N,52.88,12.90,5.62,53.34,84.44,63,3,3045,22.060541,112.837815,2,1969
S9842,6,Very Low,Y,Y,98.94,45.81,67.37,43.01,37.78,53,2,7751,36.1201804,139.7040273,34,1970
K9705,16,Very High,Y,N,90.14,15.67,95.51,15.98,46.31,42,3,6083,-7.2784402,106.6094916,32,1982
N8373,44,Low,Y,N,81.87,3.73,56.86,35.21,64.73,49,4,8822,52.0564395,20.0873091,21,1983
U7212,9,Very Low,Y,N,96.73,97.83,7.18,40.79,17.52,32,3,9567,37.499494,121.444782,5,1984
K9254,46,Very High,N,Y,41.45,6.02,91.96,15.09,40.83,41,4,7972,13.7514954,100.5108479,33,1985
F2985,1,Ultra High,N,Y,44.85,77.61,9.88,54.34,82.66,33,5,7667,20.4619152,94.5624426,22,2019
D4344,16,Low,N,Y,57.88,66.90,27.96,74.02,80.74,55,4,6772,10.3570129,123.9839638,37,2021
J7824,33,Med,N,N,67.00,26.61,31.31,8.98,22.95,63,4,9541,47.910483,33.391783,40,2025
Z9844,44,Very High,Y,N,5.92,67.59,78.55,52.61,17.29,35,1,6632,42.4349809,18.7066398,49,2026
S5437,32,Low,Y,N,88.47,56.50,72.50,71.43,77.71,33,3,8457,31.719806,112.257788,27,2030
J8954,10,Very High,N,Y,98.22,32.39,49.42,10.54,19.30,57,6,8717,55.9522407,25.5895781,36,2032
A2024,39,High,N,N,59.97,59.40,38.82,93.26,22.66,39,1,4551,57.6635985,12.037055,4,2035
G5277,20,Med,N,N,72.95,27.67,3.44,66.99,9.00,41,1,4227,33.083093,120.185095,19,2038
F3949,38,Low,N,N,31.22,64.56,25.28,88.91,87.49,61,5,4757,52.2454069,16.8470545,31,2043
F5818,5,Very High,Y,N,6.49,20.11,88.05,19.23,1.18,38,4,8954,1.6562817,-77.1788048,36,2045
E6482,39,Very Low,N,N,55.13,12.96,30.37,99.82,90.39,67,6,7203,30.378326,111.450006,32,2047
M5918,22,Low,Y,N,2.32,77.68,71.57,65.41,48.61,66,5,8554,36.1870656,127.0987453,51,2048
F1369,31,Ultra High,N,Y,57.19,41.54,6.14,35.65,66.85,60,4,9407,52.7441662,17.3278637,40,2050
O3189,10,Very Low,N,Y,67.56,88.37,69.93,64.88,61.94,67,5,6011,52.958682,48.319948,52,2052
R6113,46,High,N,Y,91.29,84.72,68.41,9.06,90.32,63,3,7253,46.1282187,30.384612,7,2053
A1058,9,Low,N,N,87.14,2.69,84.88,68.91,16.40,58,4,7104,23.2252,113.148534,6,2054
C3610,37,Very Low,N,Y,72.20,84.17,87.76,33.90,14.93,52,6,9885,23.2878976,113.8374236,39,2056
I5695,23,Ultra High,Y,Y,69.32,75.64,90.25,72.24,45.21,49,5,4997,-15.3084964,-49.6234548,52,2061
T4630,42,High,N,N,11.23,32.89,46.27,94.46,2.61,66,6,3582,46.6521155,38.0807467,46,2062
Y2510,48,Med,Y,Y,58.52,95.40,76.47,28.01,51.55,35,1,4883,32.519016,34.904544,4,2066
R0800,27,Very Low,N,N,65.58,55.90,30.11,61.06,42.43,32,5,8488,25.526437,111.600795,30,2067
K4607,6,Ultra High,N,N,41.50,63.12,5.87,91.98,44.43,65,5,8466,52.0609041,17.239347,8,2071
Z9133,50,Very Low,N,Y,66.12,45.55,56.99,48.29,33.97,47,6,5178,17.0740883,104.4490398,31,2072
Y4873,2,Ultra High,Y,N,85.46,19.63,60.19,69.27,32.98,30,1,3470,-8.314,123.252,12,2081
L7600,35,Very Low,Y,N,61.44,61.08,8.03,52.01,96.55,37,5,6618,14.7869469,120.9952041,9,2090
T5217,30,Med,Y,Y,29.18,89.72,91.53,69.79,34.85,67,2,7028,-20.0325016,-44.1411883,8,2093
X8435,30,Ultra High,N,Y,37.39,41.99,36.97,79.44,97.75,61,2,6544,-7.806698,-77.7174408,42,2108
C0404,20,Med,N,Y,7.15,16.79,15.76,0.12,68.87,57,3,9521,40.9089779,-8.421278,18,2109
J5789,16,Ultra High,N,Y,35.16,25.79,82.97,84.92,29.17,38,5,6368,-8.3870308,122.8295192,26,2110
P4370,27,Low,Y,N,74.00,81.69,91.60,27.98,8.31,63,6,8725,0.10144,127.43402,39,2111
B7664,28,Very High,Y,Y,44.31,44.01,57.09,11.21,69.52,31,5,5817,45.4651444,-74.0798679,11,2113
U8140,8,Very High,Y,N,82.50,63.62,9.90,22.55,26.57,59,6,9644,-6.6,-78.016667,45,2114
O0321,43,Ultra High,N,Y,91.72,17.91,9.66,92.66,79.00,62,2,9150,35.709077,107.643631,14,2115
T6641,49,High,N,N,42.58,32.32,22.17,35.67,74.16,47,6,4488,-7.6209569,-78.0452217,34,2116
T3456,13,Very High,Y,Y,1.75,26.74,78.75,84.18,26.16,35,2,3417,39.5481333,-118.5748667,10,2118
C5778,26,High,N,N,74.11,4.79,56.26,36.08,66.05,47,2,6949,14.5939093,-90.7533601,2,2119
C4589,15,High,N,Y,24.87,54.80,98.54,42.34,73.36,39,1,7581,-17.76667,-149.41667,11,2120
C1478,23,High,Y,Y,8.37,28.70,24.50,11.08,18.66,35,2,7051,57.779388,158.5752259,3,2121
Y2164,49,Very Low,N,Y,37.37,89.54,85.93,45.05,39.95,64,2,9286,33.4049794,49.6962428,1,2122
P0221,42,Very High,N,N,70.74,1.11,43.11,82.98,53.21,56,3,8477,-8.2295368,-35.4672368,3,2124
Q2041,28,Very Low,N,N,54.31,34.15,34.78,32.27,84.98,53,1,9940,41.1768699,61.402695,41,2125
X3489,4,Med,N,Y,95.75,20.47,13.99,16.36,85.69,34,6,8818,15.0663747,101.1228553,31,2126
C7585,44,High,N,N,74.50,7.77,50.86,52.39,40.53,38,2,4348,32.8744365,129.9735343,27,2127
H8894,18,Very Low,Y,N,70.96,66.44,15.72,96.50,12.29,40,2,4748,8.9806034,38.7577605,24,2128
L5071,38,Very High,N,Y,20.15,19.96,13.57,8.84,61.52,34,3,5355,25.5810414,89.6616352,7,2129
P9263,42,Very High,N,N,35.07,77.98,27.43,82.55,73.38,51,6,3621,8.4538411,39.2803991,7,2130
L9998,16,Low,Y,Y,22.85,87.93,82.89,0.34,51.86,64,3,3269,11.4820004,122.3040009,14,2131
B3886,21,High,Y,N,58.04,34.36,73.78,46.07,71.12,56,1,7149,59.2423602,14.4352781,34,2132
N3094,9,Very High,Y,N,79.86,45.52,7.82,44.37,95.48,58,3,3882,55.8437552,38.3176424,24,2134
O9026,39,High,Y,Y,7.25,68.33,83.71,98.87,14.30,59,3,3802,10.4980067,-66.8335096,51,2135
E8698,11,Med,N,N,24.08,37.99,37.23,11.83,3.32,44,2,3697,18.6861986,98.9193549,27,2136
X2529,31,Med,Y,N,91.00,71.78,14.14,78.50,5.72,43,2,5794,31.1713871,31.6967438,22,2138
I7922,20,High,Y,N,73.71,41.54,82.23,11.92,42.97,46,2,7058,48.6769923,22.3927591,13,2139
G0304,29,Very Low,N,N,54.05,26.90,53.52,31.99,84.63,63,1,7295,40.5235837,19.8075358,41,2140
O6082,24,Very Low,Y,Y,37.77,7.98,39.32,67.00,43.49,38,4,9213,9.1192516,4.8261424,39,2141
L5012,14,Very Low,Y,Y,32.02,56.23,2.04,16.56,92.66,64,2,5638,-14.0874587,-75.762586,51,2142
J2688,14,Low,Y,N,35.98,68.42,69.30,14.02,54.87,46,1,8672,15.228683,104.8577489,21,2143
K6372,37,Med,Y,N,45.31,26.45,98.33,63.75,91.18,55,1,7624,-19.8428824,-44.6064582,7,2144
Z7697,34,Med,Y,N,90.71,64.27,6.30,66.29,47.78,64,3,7006,18.2604623,-70.1473203,22,2145
L5313,16,Ultra High,N,N,24.11,33.20,31.32,71.90,37.58,31,1,7211,35.62231,10.75696,48,2148
E3946,16,Low,Y,N,88.41,0.18,94.99,25.99,96.40,53,3,6345,28.6448398,15.9699878,3,2149
H0152,45,Low,N,N,53.62,13.37,38.32,89.11,26.60,55,4,7439,-21.4803962,-56.1494143,13,2150
D9166,4,Med,N,N,69.39,59.46,58.78,49.36,41.15,62,1,7918,9.891058,-84.081696,26,2151
W1305,7,Ultra High,Y,N,90.81,34.82,15.69,28.21,39.55,39,6,4902,23.1497287,113.3227193,51,2152
V1925,43,Ultra High,Y,N,2.36,41.53,92.06,86.52,20.89,66,6,4708,16.8263127,42.7344873,47,2155
J0518,19,Very High,Y,Y,21.58,73.32,23.09,45.36,20.89,46,4,9272,46.2686934,95.2732977,2,2163
D2111,47,Low,N,Y,70.69,42.85,95.22,69.31,92.23,41,3,9051,-6.1891552,106.8357854,17,2169
R8882,33,Very Low,N,N,58.88,75.19,7.27,14.30,2.52,30,4,5225,53.284466,-7.518792,51,2170
U1278,3,High,Y,N,76.25,57.34,61.97,13.59,29.36,52,3,9189,46.6669865,3.590421,50,2171
P4236,29,Very Low,Y,Y,76.37,1.35,41.42,39.85,7.81,62,2,8795,7.7896079,100.3048897,33,2176
T5897,24,Low,N,Y,23.55,34.21,86.55,44.77,93.64,38,4,7462,-6.4104949,107.0126076,45,2180
R3775,40,Very High,N,N,46.23,22.57,28.19,48.47,94.76,50,5,3925,47.338665,123.205323,44,2184
I0437,45,Very Low,N,Y,66.68,19.91,1.84,14.18,96.39,58,5,8484,15.5754812,120.7990105,29,2186
G7641,2,Med,Y,N,99.49,52.46,39.87,41.52,33.74,49,1,7343,38.7418853,117.5352694,10,2188
N3824,16,Very Low,N,N,92.66,35.01,96.15,23.79,99.73,52,4,6914,11.425041,123.1090142,38,2189
M8774,5,Med,Y,Y,47.68,58.67,29.04,97.37,55.63,46,3,5162,32.147679,114.091192,17,2190
O1883,9,Very High,N,Y,22.83,60.69,9.36,20.66,7.87,58,1,5237,60.4609132,25.0250415,42,2191
E8427,23,Med,N,Y,8.91,8.17,14.36,79.12,72.59,48,3,9375,54.78036,-127.17428,12,2199
Z0862,23,Med,Y,N,95.90,42.26,29.82,97.55,73.89,54,2,5999,34.540852,109.44096,21,2203
Q4818,5,Low,N,Y,29.89,50.17,73.68,76.22,43.86,61,2,6627,51.669945,16.5376529,13,2210
Z4672,9,Very Low,N,N,51.75,47.14,63.20,46.90,45.76,48,3,9063,49.2849107,-122.8677562,9,2215
E5698,49,Ultra High,Y,N,47.63,29.21,90.51,60.54,20.03,61,6,6025,-11.1863289,-76.6481299,25,2301
L5174,31,High,N,Y,97.46,64.70,22.29,83.11,84.24,55,2,4349,-2.673867,139.7728757,35,2302
Q6714,14,Med,N,N,49.57,68.03,23.36,8.84,22.78,64,1,8510,2.286994,102.305535,13,2322
D5584,22,Med,Y,Y,62.27,53.07,0.33,44.75,77.35,48,3,8605,-0.4993281,37.2784835,51,2324
U3627,8,Low,N,Y,26.83,70.64,30.70,83.35,42.89,56,2,3807,30.0042226,120.8646582,6,2330
G5212,20,Ultra High,N,Y,52.64,36.23,19.96,72.26,40.86,67,2,7455,23.415031,111.247393,3,2332
I7840,3,Med,Y,N,28.23,64.68,21.08,4.09,64.74,39,2,6416,26.8626548,85.5560635,34,2333
W8479,33,Very High,Y,Y,44.43,35.91,81.35,86.48,56.15,30,2,5077,31.6890813,-4.1788953,49,2338
K9745,43,Very High,Y,N,94.64,16.86,5.06,51.17,19.36,36,2,3348,52.4198041,20.9258628,37,2339
P7110,11,Very High,N,Y,76.02,68.33,57.19,86.72,75.09,46,6,6780,-6.9714991,107.569381,28,2341
G6927,31,Very Low,Y,Y,10.59,51.22,97.72,84.04,28.08,30,6,9678,38.7280454,-9.3225944,33,2343
T4849,38,Ultra High,Y,N,83.21,57.10,22.80,98.62,57.53,44,1,7832,48.7997482,2.4699259,42,2346
P8149,9,Low,N,Y,98.40,41.18,37.32,58.60,98.23,66,6,7289,45.697904,0.964671,39,2347
Y7041,28,Very Low,N,N,61.67,36.39,55.57,58.99,48.59,33,1,5076,25.578207,106.021015,11,2351
K0537,45,Med,Y,N,17.00,40.55,29.09,35.73,66.64,41,2,3691,24.130374,110.189462,5,2356
P3569,19,Very Low,Y,Y,19.46,11.99,36.92,48.61,73.83,38,1,4208,46.793235,85.728328,18,2357
E0668,9,Ultra High,N,N,9.32,4.60,24.52,32.21,94.91,33,5,8222,38.86,-76.99,4,2359
T7897,5,High,N,Y,27.08,70.69,37.08,98.80,40.23,31,5,5809,18.4759089,-73.2337779,16,2360
X6009,35,Very Low,Y,Y,46.63,63.74,57.78,47.74,84.75,61,4,7442,10.6172827,-8.6985716,46,2364
O0583,29,Low,Y,Y,23.62,82.88,25.11,87.49,32.50,55,1,6550,12.0310173,102.2928163,31,2366
G3641,28,Ultra High,Y,Y,63.85,65.39,30.25,61.81,99.70,59,2,6184,12.0601649,0.3654204,13,2367
H7427,43,Very High,N,Y,15.83,9.73,12.36,50.00,22.43,57,6,6077,24.674624,102.904318,39,2368
U7289,28,Very Low,N,Y,74.90,87.13,40.67,76.41,87.82,43,4,7971,19.3002127,-70.2535901,49,2370
C5308,37,Ultra High,N,N,35.80,47.97,65.43,12.25,14.45,54,2,5320,-0.4532293,39.6460988,18,2375
X9604,28,Low,N,Y,91.58,63.74,26.87,36.83,92.56,38,3,9072,30.379545,120.047429,22,2379
D9651,31,Med,Y,Y,75.97,85.16,51.90,92.83,17.12,51,3,3474,14.5707891,121.0272495,48,2382
N8530,19,Very Low,Y,N,28.98,2.31,39.27,95.72,20.25,51,2,7501,-7.1550291,112.5721881,17,2420
K8457,15,Very High,Y,N,2.15,79.93,73.58,61.88,35.06,44,2,4909,43.0173794,21.7228156,39,2421
I9697,32,Low,Y,N,48.31,80.76,59.03,67.27,41.29,57,5,4518,-27.1192795,29.9682719,6,2445
L7853,11,High,N,N,98.42,42.74,17.25,72.87,9.63,34,1,3467,31.209571,107.468023,36,2446
Q1169,22,Low,N,Y,45.04,86.47,42.33,55.25,91.21,42,1,8592,49.2621494,17.9966831,32,2451
Y8447,36,Ultra High,Y,Y,32.92,22.03,71.63,6.03,20.21,48,6,8118,-12.0582305,-77.1053673,38,2452
N6942,24,Ultra High,Y,Y,80.84,44.30,18.01,53.69,4.51,38,4,7574,37.146294,111.778818,30,2453
X6665,47,Med,Y,N,13.32,91.25,53.00,21.98,57.83,48,2,5651,12.6521788,124.1145436,15,2457
P6197,44,High,N,Y,73.97,17.58,31.80,24.24,66.75,49,3,5318,50.6657079,18.0732903,20,2458
Z6774,23,Very High,N,N,25.18,32.68,2.96,73.04,94.55,57,4,9778,59.8863041,29.9085976,49,2459
P0513,42,Ultra High,N,Y,47.57,2.19,54.66,99.76,42.44,67,4,5342,37.9984095,140.6381624,41,2460
Y1559,17,Very High,Y,Y,73.47,31.78,39.31,43.85,72.09,63,4,5597,-0.2803575,33.7517723,31,2461
Y8521,40,Very High,N,Y,48.35,15.68,37.87,6.01,99.19,53,3,6594,14.4931058,121.044773,43,2462
I6954,36,High,N,N,6.71,79.80,44.20,78.27,14.37,51,2,6473,-8.2190944,114.3691416,42,2464
P4282,15,Ultra High,Y,N,27.82,49.96,51.86,44.26,52.67,66,6,4403,31.172739,115.008163,30,2465
J7588,14,High,Y,Y,86.24,74.29,96.39,4.89,50.81,42,2,8356,45.9380817,16.7806658,13,2466
P5640,8,High,N,N,75.89,31.40,65.91,69.80,96.01,42,4,8747,49.2575136,106.4385875,2,2467
S7396,34,Very Low,Y,Y,5.18,39.59,62.76,75.96,99.25,59,4,6311,40.9369019,44.777047,51,2468
Y1016,43,Very High,Y,Y,50.66,48.61,93.05,58.10,24.54,32,5,4708,29.420261,111.127537,6,2472
X5291,18,Very Low,N,N,98.36,6.09,84.87,93.03,58.57,54,4,5390,44.8099561,20.380088,8,2474
U5576,14,Ultra High,N,N,71.26,73.45,28.67,23.26,48.76,51,3,3267,32.060255,118.796877,25,2476
V7821,11,Low,N,Y,36.34,81.28,98.92,38.62,37.12,55,1,3877,13.7931278,100.4993601,26,2478
J4030,8,Ultra High,N,Y,36.12,46.76,1.57,94.58,57.23,32,1,8586,-16.7073638,-47.5275422,52,2481
M8021,29,High,Y,N,60.54,84.67,44.07,38.28,38.85,54,4,3381,51.9255718,21.5909124,15,2482
E6251,36,Very High,N,Y,69.01,90.07,52.87,8.26,58.36,35,4,5137,28.682309,118.244769,47,2492
D5292,27,Very High,N,N,91.98,38.18,37.91,89.11,6.89,45,3,5871,18.5138139,-72.2881907,21,2493
K3018,29,High,N,Y,0.75,18.22,64.47,50.94,52.19,31,6,8096,27.304802,112.5438,35,2494
U0615,50,High,Y,Y,58.54,2.07,37.08,9.52,4.49,41,5,5412,14.283333,45.6,38,2532
O0841,27,High,Y,Y,8.44,56.69,7.78,43.00,3.61,67,6,8885,32.7493573,129.8585548,26,2534
Q2365,32,Very Low,Y,N,46.54,30.58,70.13,33.25,32.20,50,2,9349,40.64278,19.65083,9,2535
V5239,41,Med,N,N,7.39,30.99,39.16,72.32,98.43,53,2,6828,49.67403,20.07982,24,2536
U2486,31,Med,Y,Y,65.16,93.57,42.58,40.47,77.80,59,2,7545,39.903538,116.42675,4,2537
U7310,3,Med,Y,Y,67.83,65.93,77.66,97.33,70.07,49,5,9716,23.2997268,113.323144,22,2538
S4110,7,Very High,N,Y,27.79,75.10,84.44,73.85,58.40,44,3,9238,41.7268086,129.6850661,40,2539
H7161,43,Very High,Y,N,32.26,80.68,92.33,5.40,7.71,56,2,9893,54.6744703,20.1340172,36,2540
U3026,15,High,N,Y,27.45,15.38,31.08,79.03,21.13,55,2,7352,27.372513,117.731346,1,2542
O7094,28,Very High,N,Y,84.80,88.73,4.28,5.09,80.13,51,6,9234,10.4662629,-66.6168821,10,2543
N4154,36,Very High,N,N,91.70,64.88,85.91,32.44,25.74,33,3,5112,-5.946466,-77.303723,7,2553
C4073,31,Med,Y,Y,60.88,64.90,60.50,32.27,55.87,53,5,5966,22.2566889,106.4731314,29,2554
S4265,8,Very High,N,N,51.68,27.89,32.21,1.41,29.21,47,4,7731,-9.5463283,118.9996527,37,2556
S9832,20,Ultra High,N,Y,99.96,76.21,50.55,99.10,14.34,39,4,6996,57.1879589,27.6825031,3,2557
C2084,25,Very Low,Y,Y,10.05,99.79,2.93,45.94,13.53,42,4,5628,12.0379785,124.6581969,1,2558
Z5043,41,Ultra High,N,N,50.90,83.51,50.00,69.03,46.49,32,3,5943,40.1686749,-7.1721914,9,2559
W0859,26,Low,N,N,50.12,39.20,86.33,98.28,59.31,55,1,3741,-25.4302418,-55.2590707,37,2561
O8990,49,Very Low,Y,Y,45.84,41.75,9.36,59.33,47.67,30,6,4678,22.278214,114.182575,5,2562
U4738,18,Very Low,N,Y,28.56,32.23,37.66,18.22,67.91,56,6,5775,-7.04486,113.73422,17,2563
B1886,7,Ultra High,N,Y,43.59,57.16,86.96,54.52,15.78,34,2,8620,46.9821813,35.1115128,22,2564
L9117,6,Ultra High,Y,N,5.85,50.10,27.05,64.70,61.73,67,5,5371,40.590023,19.6440066,13,2568
E5944,35,Very High,N,N,86.52,0.11,20.47,72.61,41.13,66,4,9862,21.192457,110.397656,16,2571
A5330,37,Med,N,N,65.51,61.84,88.71,50.72,20.70,60,5,3949,24.44218,114.938684,34,2575
U5069,30,High,Y,Y,83.43,6.08,69.46,44.13,50.20,62,6,6068,16.4452765,120.5881071,44,2576
F9348,35,Ultra High,Y,Y,36.48,51.92,45.01,96.00,49.51,42,5,9212,-7.25717,112.67026,15,2584
F9337,44,Low,Y,Y,18.27,93.48,69.64,29.94,80.53,65,6,4491,55.16667,-118.80271,15,2601
M1995,42,Very Low,Y,N,38.26,68.99,98.41,63.04,55.93,53,3,5121,37.7668391,21.3383382,21,2630
O5503,29,Very Low,N,N,57.59,1.12,10.98,94.99,78.05,48,2,5879,22.948016,113.366904,35,2631
M4886,9,Low,N,N,89.53,18.22,18.13,53.72,57.46,41,1,6234,-20.6037462,-41.203524,26,2632
N8485,5,Very Low,N,N,13.13,53.41,7.46,36.91,99.08,52,1,3512,42.2278811,21.2568575,6,2633
X9827,4,Very Low,N,Y,48.76,27.38,78.36,46.90,22.12,54,1,9758,-28.7477963,-49.4745059,18,2635
W1472,42,High,N,Y,23.19,3.38,79.12,27.29,99.52,52,6,6736,43.516667,109.116667,19,2637
R8953,33,Low,N,Y,92.24,47.96,47.39,28.94,3.00,57,4,9337,59.9335031,30.3251493,12,2638
B9901,49,Very High,Y,N,11.99,51.51,91.25,86.58,22.15,37,2,8529,-6.2899253,145.859323,34,2639
D8794,17,High,N,N,27.90,63.31,3.47,4.20,97.91,44,2,9934,31.236833,121.532286,14,2641
W9770,32,Very High,Y,Y,9.28,77.94,32.06,39.39,42.63,62,2,9760,43.3216087,-8.434873,36,2642
M1654,50,Very High,Y,Y,63.86,61.04,41.14,8.81,94.22,52,5,8927,49.9808189,21.726063,52,2643
W6866,17,Ultra High,N,Y,0.61,66.25,20.07,76.18,99.97,54,4,5309,50.1597084,21.955679,52,2644
R7366,29,High,N,N,96.36,97.47,77.65,19.54,44.38,54,2,9307,44.8488314,65.4822686,29,2645
X9528,42,Med,N,N,62.43,27.11,93.61,32.80,63.48,49,3,9594,41.11028,21.01139,35,2646
Y2536,21,Med,Y,N,67.28,22.11,97.24,2.45,9.30,59,3,9379,5.312024,-73.818222,3,2647
B0155,7,Very High,N,Y,19.92,82.52,53.18,75.74,48.77,48,4,8146,50.3657373,20.8874542,7,2648
P9491,16,Very Low,Y,N,42.75,37.52,97.28,91.50,38.68,63,1,3296,29.117096,110.479191,15,2649
T6414,34,Low,Y,N,44.29,73.25,63.25,85.29,97.52,38,4,8880,38.9188879,-9.2928406,16,2650
S7077,2,Med,N,N,56.05,1.92,22.71,74.96,96.37,65,5,6772,19.1229045,100.8282161,15,2651
U7293,34,Med,Y,Y,82.55,99.17,88.47,97.63,7.18,33,4,5698,23.018033,-82.3343375,14,2652
J4816,28,Ultra High,N,N,6.43,8.05,34.01,98.71,35.21,49,3,4406,25.918786,119.373428,24,2653
P2456,7,Low,Y,Y,32.74,49.93,28.97,31.75,72.33,63,2,3210,39.3897164,22.9982253,32,2655
R6079,35,Very Low,Y,Y,52.08,33.61,13.22,91.14,15.12,45,1,8345,12.3258467,6.0255738,1,2657
D6247,13,Ultra High,N,Y,2.73,42.64,3.31,80.63,31.05,36,4,4413,-22.8340652,-42.0205561,2,2659
K6664,19,Ultra High,Y,N,90.69,87.08,41.23,70.72,31.87,64,4,8291,34.7577423,-2.432221,44,2660
H3201,34,Very Low,Y,N,67.71,52.24,78.30,3.81,89.30,39,6,3423,25.431829,119.015255,5,2663
X7487,39,High,N,N,15.45,85.99,84.10,85.76,83.85,42,1,4214,-6.669221,106.0463837,46,2664
D9577,1,Low,N,Y,54.86,17.37,82.87,55.05,35.63,59,3,5728,-8.5476223,121.918866,35,2666
I6621,35,Med,N,N,8.96,35.12,31.90,26.23,27.77,55,5,4150,36.4707823,140.5615795,46,2667
H8111,33,Very High,Y,N,66.33,84.47,4.35,61.28,37.73,46,6,6295,49.757096,0.375789,18,2668
I2733,19,Very High,Y,Y,16.55,37.51,44.55,29.62,81.61,39,4,9590,45.70734,5.534063,8,2669
N8750,24,Low,N,Y,78.76,35.48,71.75,23.26,17.52,46,5,8674,15.429396,100.0501736,2,2670
A0841,12,Med,Y,Y,15.63,85.80,71.06,31.01,59.41,42,1,7039,56.6649059,12.8778526,28,2671
S6427,49,Very High,N,Y,11.66,34.37,82.42,20.54,86.53,62,2,6156,28.630289,108.933603,34,2672
M4244,8,Very High,Y,N,57.95,48.09,18.20,12.77,53.81,56,3,3491,57.5225959,25.33483,42,2673
Z8713,35,Med,Y,Y,22.61,73.02,60.98,15.93,9.72,46,4,9397,-7.1916713,-79.5139718,38,2675
P8788,8,Med,N,Y,73.46,65.54,44.41,40.10,46.53,58,6,4938,22.980665,116.342934,3,2702
D7336,37,Low,Y,N,2.71,0.64,35.03,60.19,5.00,49,1,5369,55.7562751,38.6792665,11,2703
J9039,24,Very Low,Y,Y,5.34,27.27,31.81,79.63,63.76,63,1,5014,50.7451251,14.3184521,41,2713
C3938,8,Med,N,Y,88.73,15.67,32.23,92.48,18.17,58,1,6984,58.4286125,24.498407,41,2715
U6011,13,High,N,Y,15.56,12.72,37.84,70.00,3.71,38,3,6526,44.7733293,19.734522,33,2717
L5434,3,Low,Y,Y,64.56,62.32,14.99,16.17,49.00,35,3,6409,40.7400016,-73.9800078,12,2718
U0084,46,Very Low,Y,N,41.24,62.04,27.30,91.10,63.35,45,1,8971,14.4712676,121.0441201,35,2719
E7404,15,Very High,Y,Y,55.02,57.73,94.77,26.29,65.44,32,6,6020,8.9410756,-75.4944768,38,2720
F6399,13,Very Low,N,N,39.88,40.10,0.51,19.65,23.33,66,4,7962,35.46,-97.52,52,2721
Y7744,1,Very Low,Y,N,2.99,73.12,54.96,17.76,12.48,56,6,9011,7.91667,123.75,7,2723
J1714,17,Low,N,N,75.19,37.11,29.81,81.40,97.32,55,3,9671,51.8858819,-8.5111664,29,2724
M4959,29,Very Low,Y,Y,93.52,25.11,2.81,52.31,5.37,60,4,7167,29.60095,121.685484,17,2725
G4656,48,Very High,N,N,18.30,51.88,68.32,92.33,2.66,50,1,6871,55.0375016,43.2464427,32,2726
E8853,43,High,N,N,91.06,12.89,74.79,21.61,76.60,60,6,8811,45.7417486,4.8867899,2,2738
S2083,17,Very Low,N,Y,17.40,58.57,50.43,52.38,48.67,62,1,5507,15.1089475,104.329829,9,2739
W6308,45,Med,Y,Y,58.62,60.34,86.58,31.04,18.76,59,2,4813,-7.1580805,-35.8549426,34,2740
U6417,41,Very Low,Y,N,80.56,44.10,37.65,82.62,41.93,51,1,7644,61.7983586,34.3753781,15,2743
L8407,33,Low,Y,N,65.69,51.55,95.89,9.24,34.57,50,1,4022,28.2412186,112.9513185,20,2744
R8572,25,Very High,N,Y,97.84,44.17,84.61,33.73,40.40,64,6,3676,7.1864095,100.5927222,16,2745
A8258,50,Ultra High,N,N,68.03,99.86,94.45,2.79,66.81,33,5,8939,-31.9478653,115.8693718,45,2746
M0885,37,Very High,N,N,24.60,32.66,77.68,32.58,46.44,66,4,6803,9.4693943,99.9688636,48,2747
T7956,11,Ultra High,Y,Y,88.59,88.54,81.15,55.66,18.90,53,4,4735,14.6110296,120.9962387,9,2748
M4995,38,Very High,N,Y,54.23,14.90,60.57,88.23,89.55,44,2,7841,10.55696,123.1475,30,2760
L5724,39,High,N,N,51.07,98.00,92.77,1.10,72.55,47,2,7741,10.3578054,105.6308159,24,2762
C4625,28,Ultra High,Y,N,83.85,43.20,67.16,2.95,6.13,36,2,6850,44.829819,34.915084,16,2763
I2819,15,Very High,Y,N,86.59,79.69,38.24,63.93,58.53,45,4,9030,15.461001,120.465946,43,2764
J4914,23,Very High,Y,N,40.99,93.50,83.22,42.75,36.90,56,6,3920,-8.0110383,112.6109257,38,2766
H1603,49,High,N,Y,46.98,54.04,59.95,81.68,98.37,41,2,9929,31.1206637,120.9061578,49,2767
M6124,20,High,Y,Y,5.72,9.07,2.16,1.63,19.60,48,1,7215,-10.2530955,123.5532073,5,2769
E5116,33,Low,Y,Y,81.73,35.15,32.05,79.23,84.21,49,2,3062,21.2059357,104.0943247,17,2770
J6918,8,Low,Y,N,75.21,55.32,31.65,31.55,37.75,65,1,5346,-8.4824984,118.9586867,2,2771
O8916,40,Very Low,Y,N,80.21,56.80,86.06,41.43,75.59,51,6,4939,47.3036891,2.6981496,43,2777
O9963,30,Ultra High,N,N,25.49,28.59,11.92,8.15,93.53,40,6,3386,37.943121,115.217658,10,2779
W6250,37,Ultra High,Y,N,14.41,58.21,57.10,70.22,56.80,44,3,5319,55.6027928,43.763221,12,2780
E4484,50,High,Y,Y,69.95,48.01,98.34,47.09,85.38,62,4,6617,-17.5872806,48.2219395,45,2790
O4828,1,Ultra High,Y,N,48.19,16.23,47.19,50.91,74.93,46,2,6515,34.454443,113.050581,20,2791
E3071,1,Very High,N,N,17.48,55.64,52.18,6.46,1.73,42,3,9579,24.173306,113.535247,28,2802
O6778,27,High,N,N,11.54,58.54,2.98,29.54,75.63,49,5,6931,23.377789,116.508701,51,2804
Q1465,30,Low,N,N,77.46,48.28,67.17,17.64,43.72,33,2,6592,49.7774163,21.7112659,32,2806
C6680,31,High,Y,Y,3.08,14.69,33.60,63.53,58.31,64,1,9143,45.1800316,0.7237613,39,2807
X2412,10,Low,N,N,37.29,69.96,16.24,2.27,56.69,52,6,5188,53.9956452,17.4069308,39,2808
H2909,47,Ultra High,N,N,5.64,58.31,9.16,6.12,90.53,30,2,6971,25.8517475,43.5222313,48,2809
S8262,20,High,Y,N,47.59,29.05,47.82,68.41,42.49,37,1,8245,-7.4842287,112.7330892,14,2812
P4420,33,High,Y,Y,53.97,5.98,2.61,96.81,74.51,36,1,6899,38.5597722,68.7870384,47,2813
A4853,18,Low,N,Y,65.81,58.63,19.01,62.90,28.23,54,2,9535,11.5951195,109.0364038,13,2814
Q8286,4,Very High,N,N,15.17,85.19,35.98,34.23,67.96,58,1,9542,45.674028,38.856404,50,2815
M4105,27,Med,Y,N,33.67,98.61,66.51,94.98,70.61,53,5,4005,49.8990161,3.3651417,9,2816
L3734,27,Very Low,N,Y,39.94,77.56,93.86,57.97,97.28,61,4,6046,37.8978165,21.3138403,11,2817
G7830,35,Med,Y,N,57.62,81.41,35.53,27.99,66.64,67,4,4653,52.0108,86.5467,26,2818
C5261,22,High,N,N,90.13,63.39,53.94,8.22,55.54,36,5,6600,8.4864751,124.7352102,45,2822
S6983,11,Ultra High,N,Y,36.05,99.37,35.44,30.35,87.08,41,5,6328,54.6744703,20.1340172,21,2825
M8784,9,Low,Y,Y,24.88,95.15,69.21,45.87,98.14,67,6,6663,7.9582714,123.0531165,17,2826
H2430,43,Low,N,Y,98.86,73.46,83.97,54.99,33.90,43,1,6139,-20.9868314,-42.0979633,34,2827
N4606,35,Very Low,Y,N,41.08,3.91,90.90,61.83,1.62,43,2,5980,60.5842246,16.5293196,7,2828
M6588,18,Very Low,Y,Y,32.13,49.91,72.92,55.01,97.32,63,3,4286,36.74,-119.8,30,2830
Z8695,20,High,N,Y,93.12,31.95,55.60,69.26,13.97,59,6,9467,52.0969643,22.0951156,40,2831
Q0590,4,Very Low,N,Y,35.80,73.06,38.06,28.32,29.30,37,1,5018,53.3169419,-6.251714,16,2832
Y5477,3,Low,N,N,43.75,30.99,39.92,74.96,3.48,56,6,6103,30.917795,121.474042,41,2833
Z8905,42,Low,Y,N,2.52,43.88,39.38,98.06,62.08,43,2,3470,1.1752216,109.9973244,39,2835
G1297,34,Low,Y,N,25.17,63.49,34.48,55.67,28.81,45,1,4765,55.5945618,26.4507193,49,2836
G7658,4,Very High,Y,Y,25.83,19.26,3.71,14.07,58.90,40,6,6265,23.725445,116.209841,16,2837
V0650,17,High,Y,Y,7.64,78.07,22.91,84.00,4.06,64,1,6304,-7.5739492,-78.0699576,6,2838
J0410,50,High,N,N,84.32,73.28,66.63,20.54,44.99,31,4,9030,54.1212091,-108.4295552,16,2839
E8540,35,Very Low,N,N,26.99,4.31,31.60,96.01,30.42,55,1,4364,5.222103,96.7172907,31,2840
D2116,28,Very Low,Y,Y,20.77,23.39,74.23,30.89,36.37,31,1,8189,39.7467369,98.5069862,15,2841
O3145,15,Low,N,N,94.56,35.73,19.89,69.79,90.50,45,6,5404,-8.0464521,112.3933836,40,2842
F3219,43,Very Low,N,N,27.12,72.05,93.44,95.28,46.28,48,6,9175,39.609109,2.6362975,17,2852
V3802,44,Low,N,N,28.51,48.62,38.04,45.79,80.94,57,5,7576,50.425413,124.118816,36,2857
O4942,50,Very Low,N,Y,88.41,50.38,49.93,43.22,23.85,40,3,7038,57.5895315,18.4349095,40,2858
D5128,5,Low,N,N,93.82,98.28,6.92,69.56,58.46,49,1,9830,-9.6352458,119.4048722,31,2859
T6878,43,Very Low,Y,Y,58.79,47.82,73.15,2.37,62.87,63,4,3627,44.4693308,19.8223207,30,2860
Z5199,32,Very Low,Y,N,13.83,25.72,80.62,24.32,81.08,39,4,5136,36.7821,117.032171,50,2861
O5970,40,Ultra High,Y,N,55.22,6.83,34.75,3.03,87.45,34,1,7811,34.477513,107.148314,36,2863
E3163,38,Very High,N,N,12.75,70.38,77.08,96.06,13.51,53,2,4502,55.5939065,61.6171856,40,2864
V9254,45,High,Y,Y,66.01,12.54,89.77,76.13,42.94,36,1,9912,15.461001,120.465946,31,2865
W1031,36,Med,Y,N,90.27,23.02,52.63,84.15,55.15,49,2,5813,51.5004971,4.2864439,22,2871
H9491,46,Low,N,Y,36.91,27.12,16.11,66.77,75.14,37,3,5918,55.906648,94.7518395,52,2872
G1196,19,Low,Y,N,38.27,51.67,19.48,66.38,7.03,32,6,8482,-7.0179497,-52.3613378,4,2873
W9162,4,Very High,N,N,20.42,60.58,22.21,92.63,70.67,41,2,4186,-8.0871,111.6426,30,2874
I4320,5,Very High,N,Y,7.40,74.57,13.56,27.59,22.24,42,3,8124,40.23921,116.12895,11,2875
T9836,15,Very Low,Y,Y,76.10,2.22,52.53,72.88,96.52,35,6,9998,-26.6420382,15.1639082,25,2876
X9134,40,Very High,N,N,55.20,80.42,96.38,52.52,84.29,45,6,7041,33.5915355,-101.8482479,48,2878
V5430,15,Very High,Y,Y,59.24,29.61,18.78,79.18,35.90,53,6,5262,-21.8315657,46.9368047,16,2879
Y7468,11,Very High,Y,Y,42.61,30.91,95.81,16.53,53.00,61,3,6447,56.9362366,60.8962022,50,2881
P9072,9,Ultra High,N,N,44.82,96.41,74.22,26.23,94.12,46,2,7485,44.829819,34.915084,30,2882
D5738,36,Ultra High,Y,Y,2.72,76.85,85.25,44.91,16.37,63,5,4052,48.8493975,2.4751086,30,2885
G8173,4,Ultra High,N,Y,33.93,81.02,5.23,38.99,15.40,41,5,5326,31.6749725,-106.4181775,14,2886
E2998,26,Very Low,Y,Y,22.40,30.33,75.67,76.31,93.53,40,2,6493,48.4590993,-67.4401254,32,2888
O4359,20,High,Y,N,83.16,73.44,42.81,90.61,36.77,52,5,6315,3.1523104,101.7178316,7,2889
S3264,36,Low,N,Y,35.67,44.77,49.61,74.14,82.37,45,6,3284,-4.8919744,105.2779983,4,2891
D6896,11,Very High,Y,N,24.51,40.21,42.58,87.13,71.03,63,3,7521,24.622426,113.996757,51,2892
B9110,17,Ultra High,N,Y,65.60,72.52,85.22,97.05,19.38,64,2,3407,4.9946855,19.982437,41,2893
T7937,18,Very Low,Y,N,70.96,61.56,30.65,80.02,6.23,60,5,9408,63.4258542,48.67174,11,2894
R3934,15,Very High,Y,N,42.18,82.45,23.80,62.14,44.61,47,4,6863,40.7553689,-8.6455126,51,2895
P1218,42,Ultra High,N,Y,95.38,60.55,46.77,93.73,38.82,47,3,8385,43.2894617,5.3563232,5,2896
H8507,41,High,N,N,13.57,17.47,39.01,11.14,40.36,53,6,4476,39.228905,117.101355,16,2898
O5756,44,Very High,Y,Y,55.97,76.35,32.71,64.75,80.04,48,2,4396,-7.2862937,108.3267319,5,2903
V3339,4,Very Low,N,Y,14.00,26.69,33.97,64.20,54.62,42,1,7901,52.1379258,21.828508,49,2904
Y4862,47,High,N,Y,16.97,70.56,82.85,52.49,77.16,38,4,4792,14.2712301,-90.0375295,32,2905
D1584,17,Med,Y,N,76.90,3.20,29.64,85.59,24.22,32,3,7801,-6.3145542,107.1032236,25,2906
K0710,24,Low,Y,Y,3.64,96.05,83.27,49.45,55.70,36,4,3826,-10.5792295,-37.745028,38,2907
S5183,16,Very High,N,N,16.29,88.31,96.80,16.27,20.88,45,4,8635,51.513694,5.361629,46,2908
X9919,49,Very High,N,Y,47.41,31.75,31.85,78.24,10.85,48,2,6884,45.2821109,19.5712204,20,2909
D5840,50,Low,N,N,19.44,3.68,39.65,59.55,34.36,41,6,7553,54.8539133,38.5734956,27,2910
V3069,4,Low,N,Y,82.30,15.80,97.48,46.49,29.33,66,4,4603,59.2914848,18.0916533,10,2911
Y5709,39,Very High,N,Y,49.19,31.37,65.81,55.90,11.87,58,4,4427,46.64968,38.39782,26,2912
P6701,39,Med,N,Y,72.63,50.29,42.48,39.27,80.42,54,6,4790,-17.8599943,-41.5091004,29,2914
W5535,16,Low,Y,Y,57.67,15.59,80.24,40.30,88.09,43,3,3755,39.8116909,113.1029629,5,2915
I2746,46,Very High,Y,N,95.66,52.45,2.19,87.95,57.99,67,3,5071,60.4872057,15.4102793,24,2916
K3733,39,High,N,Y,81.54,49.60,82.53,60.20,82.73,58,4,3723,-8.1654,124.5403,27,2917
E2001,25,High,Y,N,1.54,80.87,41.28,61.10,87.12,65,6,3539,40.2603592,-8.57269,15,2919
K9125,42,Med,Y,Y,62.97,86.10,6.58,20.83,98.28,62,2,7521,7.4804449,125.7515646,8,2920
N3891,2,Ultra High,Y,N,65.24,26.20,67.72,45.05,72.69,48,6,4900,30.656037,117.489156,3,2921
C8207,36,Very Low,N,N,25.54,81.61,20.00,76.87,92.07,31,3,6452,15.9385737,120.4936932,30,3031
C8236,19,Med,N,Y,94.07,71.59,24.12,10.49,36.15,63,5,6837,37.6453583,139.8670624,3,3032
C6476,2,Med,N,Y,69.52,15.62,17.07,81.10,47.83,52,1,5799,41.631154,42.3915567,37,3033
R7604,15,Very High,N,N,33.94,48.80,83.94,63.37,3.71,62,1,5446,43.908712,127.303425,33,3034
O3373,25,Very High,Y,Y,96.87,2.79,31.33,46.64,66.00,40,4,4091,30.7919022,66.6348007,19,3036
Y4797,2,Very High,N,N,73.91,78.29,76.51,49.14,23.29,53,3,6086,26.695419,101.841707,48,3037
S3577,10,Very High,N,N,34.75,7.41,15.56,25.09,85.23,34,2,5172,-22.748659,-46.1352278,4,3038
D6560,39,Very Low,N,N,12.42,81.81,3.77,64.39,73.47,65,1,5849,-8.5643,116.1492,51,3042
R1907,3,Very High,Y,N,81.96,2.15,1.68,92.15,69.43,47,2,8282,35.76588,101.87139,42,3043
V0139,9,Very High,N,N,49.23,14.04,20.95,28.72,90.36,57,5,9284,33.489895,-86.8094808,31,3044
F3613,30,Ultra High,Y,N,2.72,0.75,96.53,35.69,53.64,51,3,3885,10.527138,122.813931,46,3045
C9628,11,Med,Y,Y,49.19,85.40,1.50,42.22,62.99,56,6,6192,14.4223149,-16.702825,28,3046
M2987,13,Very High,Y,Y,84.78,68.67,82.94,82.81,96.38,61,2,5861,44.819386,4.596042,33,3047
L7221,22,High,N,Y,34.21,5.34,82.70,23.29,94.82,32,3,9095,38.2587716,-7.9765637,52,3048
U0273,46,High,Y,N,90.30,60.38,67.87,60.29,97.88,53,3,9352,53.3412978,46.2520423,13,3049
R6220,26,Ultra High,N,Y,22.18,75.14,6.56,94.27,49.48,50,5,7319,41.777702,84.252156,7,3051
G3288,21,Ultra High,Y,Y,9.20,70.93,38.52,94.48,22.60,52,5,3363,10.68825,8.956989,13,3052
C6114,40,Med,N,Y,87.23,84.06,7.16,9.78,32.73,45,3,7280,-13.1562092,-72.5464495,50,3053
X7155,36,Very High,N,Y,67.71,20.72,81.94,13.43,28.82,61,2,7261,-42.7556675,-65.0598718,25,3054
D6842,10,Low,N,N,8.28,95.65,27.21,60.40,23.89,67,5,9288,13.78333,-14.93333,43,3055
G3819,23,Low,Y,Y,83.56,92.04,15.48,37.18,82.40,47,3,9011,47.785421,-3.2602564,20,3057
Y3040,30,Ultra High,N,Y,50.09,8.28,83.29,44.98,2.16,35,3,3267,-8.557437,114.0369075,37,3060
E2583,20,High,N,Y,90.74,12.45,35.54,99.38,62.71,63,6,6372,49.1931313,-0.3907558,5,3062
S5916,19,Very High,Y,N,43.09,34.99,90.23,12.73,86.11,48,6,7925,39.2349991,-9.3203293,51,3063
X0019,44,Med,N,N,13.87,87.42,76.68,57.47,51.90,37,5,6819,40.4670674,44.7899209,4,3064
X6467,24,High,N,N,19.85,2.25,75.99,83.49,93.49,44,6,3354,60.0679685,20.1014899,42,3070
P9608,44,Very High,N,Y,72.86,45.63,76.29,38.05,90.81,32,1,6656,-7.43712,108.36198,3,3071
G9257,13,Very Low,Y,N,10.59,90.00,65.50,67.05,61.47,40,6,8576,10.8698035,-73.9830029,1,3076
P0692,5,Med,N,Y,4.86,74.06,86.19,48.71,27.85,58,2,9489,57.7050333,11.9551054,36,3077
N8087,41,Very Low,N,N,50.08,19.11,71.76,24.38,97.93,37,4,5266,60.1014533,29.9573604,12,3079
R7560,10,Med,Y,N,0.32,27.04,43.25,39.19,68.70,52,1,3826,24.722747,118.152148,5,3082
G5769,20,Very Low,N,N,31.27,30.69,71.37,87.13,90.11,42,6,7184,40.3802589,50.0918078,2,3084
D2919,34,Ultra High,N,Y,90.84,90.91,82.92,26.69,6.81,65,2,5757,55.6583701,39.8653499,39,3086
G0636,2,Very Low,Y,Y,94.67,78.09,52.48,9.63,24.37,66,1,3891,-12.6245549,-39.1023228,5,3087
H9894,46,Ultra High,Y,Y,82.52,24.67,7.18,25.10,59.25,65,6,5170,31.2303904,121.4737021,28,3101
X1002,26,Med,Y,N,87.70,19.87,3.16,8.23,84.90,36,3,8011,45.2414259,20.3589241,14,3102
U9761,36,High,Y,N,11.76,54.34,98.97,64.56,74.90,46,2,7830,43.0429124,1.9038837,29,3103
T7593,32,Med,Y,N,58.24,58.75,87.21,98.98,74.74,39,3,5990,31.440961,34.99744,21,3104
H6367,48,Ultra High,Y,Y,41.19,79.63,41.29,96.49,69.90,38,5,5936,50.4915831,16.2682843,32,3106
I6516,17,Very High,N,N,82.00,59.47,17.42,17.88,33.50,64,2,3663,14.6408102,-87.921223,46,3109
B3279,3,Med,Y,N,77.13,83.81,5.43,45.46,53.37,56,6,8778,8.4656765,-13.2317225,14,3110
U8692,12,Very Low,Y,Y,71.49,0.75,75.12,31.78,87.56,35,6,3298,13.3585301,121.8247013,13,3215
R0514,3,High,Y,N,98.96,36.32,89.37,24.37,39.99,55,2,6302,47.837001,28.4339797,21,3216
Q3036,48,Very High,N,N,3.39,22.96,7.69,24.87,55.82,43,2,7248,51.598282,-0.198414,19,3217
T3124,44,Low,Y,Y,16.75,94.21,50.64,66.33,62.85,30,3,8064,40.3516608,-7.0895241,42,3218
D0023,33,High,N,N,61.98,40.33,48.51,6.20,50.82,51,3,6750,43.3216087,-8.434873,51,3220
A2817,37,Low,Y,N,58.97,8.48,29.52,78.47,99.45,49,2,4473,37.0030288,119.9026703,27,3221
A1170,20,Ultra High,Y,N,80.51,24.37,91.27,63.87,59.39,38,6,7381,10.7179292,122.3066411,42,3222
U6677,25,Ultra High,N,Y,37.88,31.54,15.68,40.24,13.91,33,3,6333,-2.673867,139.7728757,49,3223
O9342,35,Med,Y,N,19.77,87.61,41.23,63.75,79.49,41,4,5151,50.6227967,16.4623415,41,3224
F7558,49,Low,N,Y,22.73,31.20,27.17,41.28,45.53,57,5,6960,41.076226,113.969618,43,3225
Y4018,38,Ultra High,Y,N,37.41,44.22,86.12,63.88,57.43,43,3,9285,49.8634627,-97.1373403,52,3226
T5347,35,Very High,N,N,27.57,76.93,99.87,29.25,76.92,62,2,9587,10.7119015,6.565661,42,3227
J3404,47,Ultra High,N,Y,87.30,45.88,69.90,15.65,88.02,55,4,6168,20.9414842,105.9569025,52,3229
I3586,10,Ultra High,N,Y,64.78,51.73,8.76,93.06,55.31,63,4,7363,38.8812423,121.5830108,6,3230
F4478,29,Ultra High,N,N,53.67,64.75,94.14,27.69,17.77,53,4,8195,38.9,-77.04,13,3231
F4741,20,Very High,N,N,21.20,40.60,59.83,49.86,10.50,42,3,6118,36.215157,117.377715,37,3233
G0904,49,Med,N,N,80.59,29.46,47.90,92.40,27.88,59,2,8260,57.6734511,46.6107277,7,3234
N9476,23,High,N,N,46.80,59.99,8.02,11.30,9.85,50,6,3136,14.4069119,121.0205827,2,3235
G9431,6,Very Low,N,N,68.14,91.58,55.16,19.79,51.26,63,3,5159,46.2587865,15.1554324,9,3237
C6640,13,Very High,Y,N,77.88,1.20,66.06,22.09,97.36,50,1,4227,12.5840501,-1.2987349,48,3238
F3089,19,Low,N,N,89.56,49.90,7.15,30.04,32.41,38,1,5756,36.1679648,8.7095789,44,3240
A6655,9,Low,N,N,50.46,53.57,56.19,16.21,11.75,33,5,6810,-6.4897822,106.3811187,52,3241
U1729,25,Ultra High,Y,N,71.30,50.22,77.62,16.09,85.24,42,3,8538,-6.8602,115.2711,25,3242
Q2647,19,Ultra High,N,N,48.46,81.85,91.95,80.70,25.82,40,4,7536,16.4112875,120.6026406,47,3243
C8271,37,Low,Y,N,76.85,75.85,68.30,99.75,51.04,54,4,7376,15.4855369,105.28083,11,3244
V5870,18,Med,Y,Y,77.90,76.94,78.21,78.61,1.80,62,3,3730,-7.5347018,109.0274877,32,3245
H7240,14,Very High,N,N,92.47,32.47,44.54,83.32,3.68,64,2,4235,53.2065166,5.8271439,41,3246
C6985,41,Very High,Y,Y,19.64,59.76,39.35,86.17,18.71,46,2,4864,45.945945,6.6371251,36,3249
Q1811,27,Very High,Y,Y,17.31,31.52,70.08,90.38,30.73,40,3,6275,55.7728505,37.4897574,32,3251
I9313,47,Ultra High,Y,N,38.31,7.07,14.55,18.72,6.80,57,3,6484,7.18334,-75.06668,6,3253
U6716,41,Med,N,Y,59.48,13.48,91.29,50.17,99.41,63,2,8066,39.9368237,116.4442945,30,3254
D4851,34,Very High,Y,Y,42.65,77.48,28.19,35.59,22.79,44,2,6595,4.5791946,13.6767958,19,3255
J8870,7,High,N,N,60.47,4.02,41.99,51.35,46.29,50,5,8855,46.6511382,16.0834627,30,3256
Y9049,20,Low,N,Y,86.44,34.60,10.09,76.93,73.03,52,1,5173,14.6060279,-87.940833,17,3257
F8660,8,Very Low,N,Y,29.99,58.34,32.18,38.98,26.99,37,5,7928,31.121239,121.370354,19,3258
K2879,33,High,Y,N,83.77,3.30,92.37,97.47,72.54,43,2,6917,39.8554302,127.6752641,47,3259
K1301,7,Very Low,Y,Y,27.58,61.36,44.31,26.89,61.33,43,4,8011,38.707638,-9.197834,48,3260
U3945,4,Very Low,N,N,84.22,69.93,39.47,22.13,32.87,51,3,7574,35.2589,100.54994,50,3261
W5341,21,Ultra High,Y,Y,26.91,71.69,74.46,75.00,63.56,53,4,7635,35.6963947,139.6800321,22,3262
E3753,30,Very High,N,Y,45.61,84.06,90.11,47.26,71.55,44,5,4241,59.4018083,17.8046531,33,3263
P7488,8,Very High,N,Y,48.29,39.66,6.35,43.20,3.74,66,2,9637,-37.6097143,-73.6483294,38,3264
Y8156,50,Very High,N,N,65.05,16.30,25.85,84.78,86.20,65,5,3332,-41.277848,174.7763921,39,3266
Y1675,28,Ultra High,Y,N,6.50,32.21,10.44,57.13,20.76,48,4,8466,41.4043131,-8.233117,28,3268
H5166,11,High,Y,N,0.18,29.45,20.11,71.10,61.71,37,5,4746,-6.7757862,111.7465609,24,3269
L7892,40,Low,N,Y,60.39,49.51,82.92,26.23,73.05,42,2,8204,51.11327,18.21114,32,3273
T5810,28,Med,N,N,71.04,55.27,89.42,63.42,17.92,38,3,3422,0.409905,109.9556406,10,3275
I6617,16,Low,N,N,96.06,90.54,63.87,71.93,54.48,32,6,9908,15.2307976,-87.9653335,34,3276
S0334,17,Ultra High,N,Y,20.17,58.20,83.76,34.18,60.80,67,6,8541,37.943121,115.217658,1,3278
P3177,29,Very Low,Y,Y,82.77,53.73,97.90,71.85,6.39,53,5,7585,42.654146,122.749282,4,3279
X5250,12,Ultra High,Y,N,71.84,58.56,56.42,50.16,85.46,56,6,4392,-20.0421785,-47.7563994,13,3280
E6266,41,Ultra High,N,Y,57.12,63.56,67.06,86.19,84.42,48,1,3870,-2.2233633,-80.958462,24,3281
E4328,33,Very Low,Y,Y,54.67,28.39,2.12,31.59,30.34,45,3,3851,49.7219212,18.188717,32,3282
N7018,39,High,N,Y,2.10,3.96,98.05,36.64,11.64,35,4,4467,41.1296379,-8.5821823,41,3284
U4925,16,Ultra High,Y,N,15.55,67.96,76.01,31.00,33.46,65,3,7595,36.438167,-105.547392,14,3285
Y7501,8,Ultra High,N,Y,33.31,16.50,63.18,5.10,80.90,48,2,5249,13.5333605,-87.0892702,6,3287
O0696,44,Med,Y,N,76.06,57.59,27.61,2.77,65.46,36,2,3160,38.1189564,23.6561725,34,3290
N3633,23,Very Low,N,Y,23.88,53.10,72.63,9.91,5.06,67,3,9408,55.599648,37.2712341,42,3291
Z5305,29,Med,N,N,37.29,71.02,82.03,19.69,88.64,59,6,6852,52.1350237,83.3181593,39,3293
M7856,15,Very Low,N,Y,26.87,64.21,52.68,28.79,83.95,50,4,8611,-7.3977218,112.7226611,22,3301
N1667,47,High,Y,N,59.30,93.86,44.63,33.30,92.47,38,2,9200,18.2711339,103.2221303,23,3303
F2670,3,Ultra High,N,Y,19.17,6.08,32.51,74.49,22.13,65,2,8839,49.8881618,15.5262702,37,3304
Q2167,31,Very High,N,Y,96.09,71.20,88.03,50.05,70.20,47,4,8896,32.018685,120.835617,39,3307
S0240,4,Very Low,Y,Y,96.36,87.85,9.56,69.45,22.73,32,6,5780,35.8889548,139.2562665,37,3431
F5809,31,Low,Y,N,22.47,96.37,75.46,72.04,63.26,57,2,9560,9.5183617,-6.482318,20,3440
C1151,29,Low,N,N,74.66,86.03,58.01,19.21,82.80,39,3,4963,-27.1677239,-65.4969437,1,3441
T5154,30,Very High,Y,Y,41.16,94.91,50.17,25.53,93.60,51,6,4715,10.4132061,-66.8052202,42,3442
N1327,1,Very Low,N,N,70.55,88.61,25.65,14.82,83.67,33,6,4237,-0.1234606,109.2593642,15,3443
X3164,17,Med,N,N,61.97,15.92,92.37,56.52,34.78,47,3,5090,41.387384,128.1744945,25,3444
U5976,40,Ultra High,N,Y,80.09,15.71,41.29,90.13,20.00,57,6,8317,8.8994875,39.9170354,23,3445
M2423,32,Ultra High,N,N,19.42,44.96,99.76,74.41,24.90,53,1,4045,40.508339,79.047291,6,3446
G6600,5,Med,N,Y,97.30,78.69,12.94,36.30,75.86,46,5,3406,57.4456872,41.1570607,28,3447
G5842,31,Very High,Y,N,34.81,81.51,52.88,10.07,67.84,42,6,5296,41.1298235,-8.2201345,46,3448
R0275,8,Very Low,N,Y,74.84,31.37,1.19,36.18,60.54,38,2,3161,-20.2973067,57.496673,29,3449
W2754,25,Very High,N,N,32.26,64.86,21.75,65.64,95.04,35,5,4163,52.20775,21.077623,16,3450
Z6083,44,Low,N,N,55.76,37.94,37.37,54.53,30.92,65,6,6896,39.7912709,-84.3226488,13,3451
A6276,22,High,Y,N,9.23,89.22,85.79,85.78,23.81,54,1,5202,16.7157136,102.9205295,7,3452
C1689,9,Low,Y,Y,71.39,60.55,44.14,39.50,52.78,55,2,9486,17.263531,121.834345,49,3455
O1805,23,High,N,Y,51.84,29.41,62.39,44.44,29.53,43,1,5899,31.911205,35.268988,38,3456
N5913,4,Med,N,Y,94.50,78.50,94.74,37.76,13.07,53,3,7337,33.3363836,-111.9343636,6,3457
B0198,19,Low,N,Y,33.79,32.48,53.20,64.45,96.50,62,5,5866,50.3100516,106.4966629,46,3458
A3528,3,Very Low,Y,Y,3.71,9.95,57.77,64.07,13.39,54,5,3166,15.9814118,120.8071339,23,3461
Z1616,3,Very Low,Y,N,34.71,29.46,33.08,32.35,21.08,34,1,3539,31.5033912,31.8410083,26,3462
V6539,5,Low,Y,N,97.36,56.69,96.16,75.04,61.76,52,4,5245,7.6834821,-72.4909026,17,3464
C0419,21,Ultra High,N,N,70.11,92.35,53.58,17.18,18.22,50,3,6621,49.929648,22.153909,51,3465
S3736,16,Ultra High,N,Y,3.03,57.37,9.32,58.69,22.24,40,2,6995,48.4339701,0.098598,23,3466
S8124,11,Low,N,Y,85.67,73.89,27.88,48.71,94.99,37,6,5640,49.03201,2.080691,26,3467
H6235,14,Low,N,Y,69.73,73.93,89.91,16.46,75.67,38,2,5240,44.142359,87.592379,29,3470
V8602,40,High,N,Y,14.74,97.81,60.91,74.83,27.15,48,1,7429,41.3602921,-8.7192157,3,3561
R4588,32,Very High,N,Y,56.56,9.32,47.30,38.98,57.14,51,1,7029,39.0063718,117.6852235,32,3570
T7358,25,Very Low,N,N,4.04,42.89,80.12,74.01,61.03,41,4,5072,-6.9401945,106.9247932,16,3574
T4048,40,High,N,Y,85.46,98.10,90.30,89.10,46.77,47,3,7464,25.4251732,68.7514645,38,3575
C5270,38,Ultra High,Y,N,45.25,46.84,43.73,21.16,61.06,54,1,4043,39.957737,116.363671,25,3576
S8634,14,Very Low,Y,N,73.98,80.46,95.25,77.02,98.72,32,6,7115,25.112046,99.161761,41,3579
L8098,37,Med,Y,Y,58.42,67.96,29.42,82.80,79.01,62,5,6409,33.044814,106.656635,37,3580
T4311,4,Very Low,N,Y,3.40,83.49,72.65,48.98,93.16,60,4,8451,-7.2723024,112.7837381,25,3581
S1957,13,Ultra High,Y,Y,98.09,73.74,39.47,10.02,93.10,49,3,3107,27.718295,119.394148,39,3582
D4163,50,High,Y,Y,16.10,7.95,59.38,86.56,81.95,35,2,5167,27.519549,114.073416,19,3583
I6496,36,Very High,N,Y,49.55,31.27,74.07,11.88,59.44,67,1,4125,-6.9210752,109.1746261,1,3584
Y6811,33,Very Low,N,N,54.02,84.11,13.84,64.86,31.02,59,6,4476,-12.3446835,-75.8704611,8,3585
M3330,38,Low,Y,N,77.40,74.36,45.69,34.34,47.66,40,1,3419,49.6546211,17.1296944,26,3586
G7271,44,Low,N,N,97.15,53.13,89.98,70.77,36.33,57,3,5016,36.783333,66.65,44,3588
G0080,21,Med,Y,N,89.62,56.97,44.87,97.74,15.33,64,2,8085,7.9523119,-80.4382153,2,3590
F8464,7,Med,N,N,97.74,90.56,25.91,2.33,99.94,60,5,4329,10.0304186,123.5161366,11,3592
T9735,31,Med,N,N,19.03,95.43,97.01,64.52,45.65,58,2,7235,22.0557244,106.615868,44,3593
B3695,1,High,Y,N,93.84,60.70,66.94,3.98,44.02,40,6,8582,27.867118,116.18757,52,3595
D1957,19,Ultra High,Y,N,18.75,58.76,59.92,62.81,24.69,51,1,7356,33.8524536,-84.3679295,28,3597
N6152,18,High,Y,N,77.67,68.92,7.74,10.62,21.04,59,2,8268,-8.0030329,-36.0784687,41,3598
V5908,11,Low,Y,N,85.77,65.46,86.97,38.15,14.67,54,1,4495,40.1832322,-8.554308,49,3601
X1890,7,Low,N,Y,77.68,33.34,71.23,35.31,32.72,30,3,6255,40.4385006,49.8051354,5,3602
G9826,20,Very High,Y,N,59.68,22.67,56.07,35.34,93.05,61,3,7856,54.6186348,18.3257,42,3603
B2980,30,Low,N,N,84.11,49.19,99.50,42.58,98.56,32,1,3167,6.750597,-76.02611,29,3604
E2366,28,Very High,N,N,39.55,90.56,75.85,72.24,18.44,61,3,7702,53.7093085,31.7171894,40,3605
D5578,20,Med,Y,N,1.05,82.02,36.46,31.66,95.89,55,6,7716,27.0449005,84.8672171,42,3607
N8106,10,Very Low,N,Y,90.34,49.29,54.51,5.40,16.10,33,1,4920,47.173426,125.9063009,26,3608
X6217,14,Ultra High,Y,N,76.74,92.62,12.89,30.82,57.73,62,1,7748,51.2034374,7.1301012,18,3609
F9171,50,Very High,Y,N,86.36,70.04,88.08,73.42,54.07,34,3,6108,39.95,-75.18,15,3740
L9954,25,Med,N,N,54.59,77.79,56.88,7.65,69.32,48,1,6059,35.3890138,139.5007628,19,3741
I8824,28,Med,Y,N,31.76,29.32,2.64,86.85,11.61,30,3,7129,17.9757058,102.6331035,17,3743
N9333,33,Med,N,N,39.45,88.34,31.05,39.76,17.00,39,1,5222,-17.9318052,25.8255575,26,3745
I6241,8,Med,Y,Y,10.76,39.60,81.72,1.77,84.54,53,5,9446,30.2427011,120.1502699,26,3746
J2803,39,Med,Y,Y,99.90,75.54,4.83,48.42,94.14,58,2,5161,-8.2969666,113.6561725,6,3748
S3057,18,High,N,Y,37.38,65.49,62.86,51.18,69.86,52,3,7573,13.2394415,99.7901781,36,3750
V2287,5,Ultra High,Y,N,96.63,99.44,60.07,58.11,78.38,61,4,3372,-18.9253941,-54.8438521,11,3751
T8418,7,Very High,N,N,84.46,99.39,17.86,58.16,71.11,55,3,6698,55.3699174,73.2223964,28,3752
F2198,44,Very Low,Y,N,44.07,78.97,28.10,7.13,61.18,41,2,9802,52.1598029,22.0590694,39,3753
I7435,36,Low,Y,Y,91.27,60.15,27.37,5.49,40.96,60,5,9643,42.7665598,-81.1747498,31,3754
O0138,9,High,Y,Y,29.44,49.91,81.32,57.63,32.00,63,6,7812,45.8839523,16.416766,7,3755
R1486,10,Very High,Y,N,1.60,20.04,49.92,31.53,75.58,67,2,6681,34.0028786,-84.1446376,32,3765
C5851,23,Low,Y,N,78.14,71.01,13.98,23.09,90.06,39,2,8082,30.108216,104.677091,46,3766
W8883,43,Very High,N,Y,67.69,77.78,59.47,8.52,50.98,35,5,3137,53.3383537,31.3972255,35,3768
O0140,22,Med,Y,N,4.64,97.44,74.94,36.46,75.12,62,6,4897,32.9401173,50.124088,16,3770
D8447,37,Ultra High,Y,Y,65.74,9.19,70.83,54.98,43.17,39,4,8157,39.00366,117.710496,8,3771
L3285,34,Low,N,N,78.95,83.32,17.62,73.99,58.27,59,6,7928,6.7518524,4.8779969,38,3773
B8891,46,Med,N,N,5.94,14.74,63.95,10.05,37.94,55,6,9046,-27.3987162,-55.9209672,51,3774
K4385,10,Ultra High,N,Y,70.49,12.53,59.17,4.40,88.03,52,6,9249,12.7145722,124.0576816,17,3777
W0559,21,Low,Y,N,30.40,74.31,12.48,6.67,12.26,49,4,7056,24.737065,118.630289,39,3779
P8910,21,Low,N,Y,92.94,5.97,16.12,92.39,6.75,41,3,6786,29.139697,111.827018,37,3780
O3145,50,Very High,N,N,35.16,3.50,41.72,81.83,88.40,33,4,6200,49.0371335,3.979371,32,3781
L9761,35,Very High,N,N,42.90,36.70,82.74,25.76,86.99,47,1,6461,47.1117538,96.6716809,50,3782
C3692,32,Very High,N,Y,89.08,8.39,96.88,98.71,23.30,38,4,6830,31.2000924,29.9187387,51,3784
Q6995,9,Very Low,N,N,44.56,59.99,3.73,47.29,43.23,47,2,7174,49.7180346,35.1228303,16,3785
C9403,8,Ultra High,N,Y,73.32,17.55,57.06,34.51,37.53,57,3,8677,-6.1604549,106.9054618,1,3801
F6653,25,Ultra High,N,N,10.40,9.65,73.21,31.05,83.95,62,2,4341,49.1141224,16.1902227,29,3809
A5506,48,Very High,Y,Y,22.08,31.88,51.95,49.64,82.02,40,6,4347,52.2902011,22.4724915,25,3810
U7771,31,Med,N,N,76.65,53.03,30.88,39.28,86.07,50,6,3736,57.6419655,15.2756855,1,3811
J7933,14,Low,N,Y,91.45,69.39,31.32,71.94,77.18,35,1,3187,-8.5808412,115.1563072,43,3812
Z8262,41,Ultra High,N,Y,98.58,12.86,41.53,56.09,14.87,65,5,4403,41.3281534,-8.1222717,16,3813
X5765,23,Low,Y,N,71.32,61.82,38.98,88.98,67.88,44,3,9345,11.4145346,124.8469591,35,3814
A6198,22,High,N,Y,4.40,52.72,57.64,0.98,27.33,32,4,5537,26.244258,116.512887,14,3816
Q1236,27,High,N,N,76.11,0.55,36.32,60.07,88.92,53,3,8970,13.7387938,100.5072582,26,3817
N8101,6,High,Y,Y,7.41,11.74,86.98,34.16,91.03,48,5,9787,49.7979502,21.0782963,14,3818
L1842,41,Ultra High,Y,Y,11.96,41.56,10.60,43.55,71.14,50,4,6219,39.1441,117.158719,13,3819
R8262,18,Very High,Y,N,58.90,58.51,46.34,43.47,98.41,46,4,4476,53.5484541,18.9455238,7,3820
N1995,47,Low,N,Y,51.34,76.41,50.89,36.87,11.18,43,5,6854,43.9072222,87.4741667,31,3823
N0919,28,Very High,N,Y,7.15,23.88,14.32,23.47,35.49,36,6,8175,57.7197857,12.933356,33,3824
J9433,33,Low,Y,N,52.37,5.43,92.35,44.01,75.50,52,5,4426,-6.9278214,108.3474974,50,3825
N4973,26,High,Y,Y,66.91,61.37,29.00,55.59,58.60,40,4,4780,63.3063621,18.7067796,38,3826
E3446,38,Very High,N,N,93.15,53.03,11.14,52.69,58.58,58,6,8934,6.4990277,3.3880288,7,3827
V1116,14,Very Low,N,Y,70.83,21.50,46.00,28.30,2.31,65,2,6812,-8.5774,119.0069,46,3830
Q3807,50,Very High,Y,Y,11.65,53.46,47.23,5.53,6.72,34,4,5787,-5.283333,-76.283333,35,3832
H3775,13,Very Low,N,N,56.47,89.54,62.58,39.27,63.49,53,6,4851,49.8905368,2.3081396,25,3833
Z9137,42,Very Low,Y,N,91.50,64.05,66.52,87.41,3.36,33,5,7511,28.358884,91.243888,41,3835
M8564,38,Low,N,N,15.06,88.79,92.99,96.29,71.52,67,6,3899,52.6551,85.09858,23,3836
B8430,14,Low,Y,N,96.54,64.45,50.06,17.15,44.07,45,6,6513,52.3668372,4.8902879,23,3837
G0648,49,Very Low,Y,N,23.51,6.65,88.04,46.86,33.25,51,4,9176,-13.87016,-73.667793,38,3838
D7105,44,Low,N,N,95.39,26.80,89.23,93.12,38.01,65,6,3828,-8.5146254,121.9131761,31,3839
T0724,31,Very High,N,N,51.50,74.52,57.31,50.26,30.88,58,4,3642,55.2259313,36.6083916,38,3840
R7548,44,Low,Y,N,23.20,12.05,51.08,57.50,64.77,43,4,7139,54.3352057,101.503572,51,3841
L0039,3,High,N,Y,87.88,58.02,82.93,96.81,18.43,57,2,9146,27.868393,113.433712,49,3842
L5114,28,Med,N,N,93.95,47.49,75.13,53.47,34.33,57,4,4149,14.3631814,48.9820259,51,3844
G3416,22,Ultra High,N,Y,18.10,71.81,54.81,16.84,1.67,50,5,8691,53.2238,78.9337,13,3845
Z0465,3,Very Low,N,N,46.46,6.59,86.88,92.46,35.07,45,1,9015,39.4900417,64.7992272,39,3846
E2649,18,Low,Y,Y,49.39,74.45,80.35,93.48,99.60,33,2,9796,-6.1604549,106.9054618,41,3847
T9057,24,Ultra High,N,N,17.98,42.59,77.85,66.77,19.19,39,2,7134,30.89441,120.086809,11,3848
P5108,21,Med,Y,Y,13.91,23.00,52.41,18.10,62.67,47,3,6437,14.9415552,-88.3263603,34,3849
C0387,19,High,Y,N,29.18,58.86,86.99,95.57,92.89,35,2,3217,-8.0703862,111.8903946,18,3850
K1221,20,Low,Y,Y,31.74,2.45,56.11,81.69,88.31,66,4,6520,36.200252,117.087614,18,3851
V7893,10,High,N,Y,8.51,22.74,6.87,72.57,27.07,36,5,3768,-7.2608514,111.7793523,47,3852
L8956,27,Very Low,N,Y,93.64,52.06,0.39,82.75,92.35,31,5,9413,31.191952,121.472429,6,3853
Z4818,31,High,Y,Y,90.03,38.42,88.74,9.30,81.61,56,6,7755,-12.7398884,-60.1422676,45,3854
K8786,37,Ultra High,N,N,63.35,79.41,94.88,3.57,32.73,33,3,3107,-37.052608,-69.880879,5,3855
W5857,18,Ultra High,Y,N,92.24,89.95,23.86,54.18,48.25,34,1,4542,34.3552212,132.336641,48,3856
W4053,11,Ultra High,N,Y,1.09,81.07,96.56,20.21,99.27,55,5,4623,31.3400146,118.9478423,10,3857
A7702,21,Ultra High,N,N,98.54,34.92,6.45,91.18,32.15,35,2,8348,-4.0078909,-79.2112769,17,3858
R1574,20,Very Low,N,Y,26.80,38.49,79.05,99.69,65.47,40,2,8624,22.4537995,112.9340394,42,3860
X2062,12,Very High,N,Y,35.97,62.76,56.41,1.76,80.88,62,2,4821,24.84662,116.746096,46,3861
G4324,24,Low,Y,Y,63.71,57.21,7.17,11.03,33.35,32,5,9579,-26.5380011,30.9962356,15,3862
V5559,1,Low,Y,N,91.01,23.99,25.70,54.90,5.17,35,6,5318,5.459089,-76.01598,24,3864
W4767,9,Ultra High,N,N,87.72,44.12,3.41,83.80,27.22,62,2,5855,37.8311926,112.5870889,17,3865
O2389,42,Very Low,Y,N,51.24,54.56,51.31,32.52,8.85,45,3,9777,-7.0031309,108.3578806,25,3867
Z9259,7,Med,Y,Y,36.38,55.96,76.34,73.39,81.25,45,6,8366,27.330904,117.044081,23,3868
I5043,6,High,Y,Y,16.05,42.17,22.47,14.74,75.11,66,4,6972,31.9754756,-106.4170311,35,3869
M5965,17,High,N,Y,95.46,20.73,9.70,67.38,82.89,52,5,4934,48.8858655,2.3839746,9,3870
W9102,44,Med,Y,Y,31.18,48.30,83.90,30.48,51.67,41,6,5371,29.948998,121.716539,32,3871
E7621,30,Low,Y,N,50.62,23.03,8.91,36.11,57.04,42,3,7710,57.6581553,12.1171659,8,3872
X1752,32,Med,Y,N,23.05,0.46,53.64,19.07,28.48,53,4,8213,14.5665991,121.0022623,11,3873
F6190,25,Low,Y,Y,36.26,67.09,37.62,92.86,31.46,56,1,6145,8.69778,-13.23917,10,3874
N0441,3,Very Low,N,N,82.85,61.87,8.87,14.39,62.60,50,2,4796,22.358416,114.128354,12,3875
K2180,31,Low,Y,Y,33.00,58.27,43.31,94.67,63.21,40,2,8006,39.142026,117.212606,45,3878
O9942,9,Very High,N,Y,75.73,2.68,80.80,85.48,71.92,67,5,4763,32.9454027,-117.2399868,18,3882
S6500,6,Med,Y,Y,8.54,96.63,38.31,24.56,3.07,44,1,7344,-23.5257248,-47.1322342,8,3883
Q6295,49,Low,Y,N,80.95,61.44,99.28,99.58,72.88,37,6,7922,6.6148458,-71.1686168,37,3884
,,,,,,,,,,,,,,,,
